hash,id,broker
24871356-07d6-4be2-912c-d82d1ee0767a,22730,1 ANSWER INSURANCE SERVICES LTD
ab3d604f-26a7-41a9-a459-b1a1489808ce,22729,1 STOP INSURANCE CONSULTANTS LTD
70e99668-b849-4fd7-a6e9-f30f83b374c1,22041,2GETHER INSURANCE LTD
0e82a906-1344-419a-8157-cba1e7b9ada9,22232,4SURE WALES LLP
ee2033da-c1bf-4bda-82a6-b30683ec9b4e,23169,A C INSURANCE CONSULTANTS LTD
40db0c70-7d84-4c00-87ab-e492243423c5,23025,A K P INSURANCE SERVICES
36b72f6d-8e1d-4c0b-b08c-4ef7800cbd09,22743,A KERRY SERVICES LTD
98e929c3-2913-4d85-8990-d527a93aff81,21824,A MANNING UK LIMITED T/A MANNING UK
b0590af2-47da-4498-98c9-005263740280,23108,A ONE INSURANCE SERVICES (BMTH) LTD
1cdac37e-3edf-42a3-bb10-e81fdeee9dc2,88022,A R OWEN INSURANCE SERVICES LTD
3888f4b0-30f4-4881-8d3e-1dab350656cb,22777,A S INSURANCE SERVICES LTD
5299e0c5-3e6d-47f9-bd50-377e67f12aa9,22074,A Y S INSURANCE (A Y S FINANCIAL SERVICES T/A)
b44f7cfc-8c38-4787-b500-0d62815fb8ae,23288,A1 INSURANCE
95de4d8b-466b-4c21-bda5-cf336cd6782b,93162,ABACUS INSURANCE SERVICES
1d19984f-102c-41ca-9981-dbc4e5260fe0,21817,ABACUS KENT LTD
3395802a-7816-4916-b2fc-f7af7898f1eb,21673,ABBEY BOND LOVIS LTD
7794228e-1e02-4f20-b063-b4f291fa8754,75785,ABBEY BOND LOVIS LTD  T/A THE INSURANCE PARTNERSHI
6efcb6aa-b1f9-4648-b1b7-6cdb39313b8c,85848,ABBEY BOND LOVIS LTD T/A FULTON DOWNES & AGNEW
b734f7a5-3025-4c79-9303-335f05036a55,75393,ABBEYAUTOLINE
f3068327-c4ee-4d04-b581-1a8bb64f4a20,22303,ABBEYAUTOLINE
b5f0d376-9a7f-498f-b481-2da416f190e9,23139,ABBEYAUTOLINE
166e859c-fe76-4f43-a4c1-a0bbcf60465a,23215,ABBEYAUTOLINE NEWFORGE GB
1d2f663a-74cf-49d9-a623-3d2a8202598a,23214,ABBEYAUTOLINE NEWFORGE NI
542d3d5b-f7a9-4d14-81ae-41e094d22206,23285,ACADEMY INSURANCE SERVICES LTD
f31dee88-aaad-4866-a450-0b5636be2f3a,86426,ACADEMY INSURANCE SERVICES LTD - BASILDON
39856ff0-9144-4958-a953-6390f2e974f1,88720,ACADEMY INSURANCE SERVICES LTD - BASINGSTOKE
0884158c-8cdb-4e13-900f-8de5ab06a998,88796,ACADEMY INSURANCE SERVICES LTD - BRISTOL
92418159-7781-4ff9-a5a1-89e3a31ed924,21486,ACADEMY INSURANCE SERVICES LTD - CHIPPENHAM
143b62d2-14f8-49c4-8bf4-425eef49bd87,91194,ACADEMY INSURANCE SERVICES LTD - CLIFTON
1486ec7a-3631-4ed7-9654-eec620af89c6,22531,ACADEMY INSURANCE SERVICES LTD - COTTENHAM
ea0f8d51-6d67-485d-9695-160e025ff4f5,22862,ACADEMY INSURANCE SERVICES LTD - DUDLEY
97a828fd-80ca-4e89-8ce5-6794eb5be456,23072,ACADEMY INSURANCE SERVICES LTD - EAST BARNET
4686ea9d-c71a-4198-badd-27fc130ab432,85341,ACADEMY INSURANCE SERVICES LTD - EGHAM
62551c15-b6b2-4a88-96f4-57f9702b847c,85342,ACADEMY INSURANCE SERVICES LTD - ETON
6fa9165f-e5ba-4bb1-b829-c2596b87cf59,22415,ACADEMY INSURANCE SERVICES LTD - NEWBURY
ab1f804e-ecf7-44d2-9d31-a106c0e18ba6,85340,ACADEMY INSURANCE SERVICES LTD - READING
94dac2a0-951b-4b13-af88-071882434e9d,85339,ACADEMY INSURANCE SERVICES LTD - SWINDON
c690b4df-a558-48c3-881c-7925c70a6f7f,91302,ACADEMY INSURANCE SERVICES LTD - WOKINGHAM
e7d0f792-3d9b-4d66-ad1e-71d50780695e,22445,ACADEMY INSURANCE SERVICES LTD - YARDLEY
4421fa5c-3172-48a8-acd5-f82bb8356364,23114,ACADEMY INSURANCE SERVICES LTD (COVENTRY) TA GODIV
8ac2b6c8-b349-44b8-837c-230fa9cd85fd,75918,ACADEMY INSURANCE T/A GEOFFREY SIMMONS INSURANCE C
fa66f6ab-a8eb-43a9-b0c1-f3f87d9d2655,22008,ACADEMY INSURANCE T/A SAFEGUARD INSURANCE
12f571f6-7f91-42b5-bcfc-7b4d50dc1859,22033,ACORN TO OAKS FINANCIAL SERVICES LTD
0b8f1de8-9331-42b0-a93f-6a404a79dec2,89461,ACTIVE INSURANCE SERVICES
b9c536ab-506d-4fd5-9700-a346c382cb9f,23012,ADRIAN FLUX INSURANCE GROUP
0042ce24-ca1a-4530-a7b3-9e3d92b569ce,86602,ADVANCE INSURANCE AGENCIES LTD
c50a31f7-b5a4-4f9a-8484-6ff9dd12dca1,23352,ADVANCE INSURANCE AGENCIES LTD
a62991f8-8a01-456f-8e19-ccfa5702cc96,22658,ADVANCE INSURANCE SERVICES
23411e69-1ee2-4f25-b2f8-ba8de5f67019,92648,ADVANCE INSURANCE SERVICES (MIDLANDS) LTD
6dae720a-1ebb-4ce0-acfd-93ff2b4934b9,22474,ADVANCE SCHEMES LTD T/A ADVANCE INSURANCE SERVICES
91ccdb62-3426-43f4-9a14-d3646403343e,21122,ADVANTA RISK LTD
24205bb3-285a-447c-8480-9a4506322f47,23368,ADVISORY INSURANCE BROKERS LIMITED T/A APPLETONS
2f4ced49-68fe-46b2-a862-cd2ff5a9d9de,23116,ADVISORY INSURANCE BROKERS LIMITED T/A GUY PENN
a3a63c3b-83ab-44e6-b9c6-353457a58487,23118,ADVISORY INSURANCE BROKERS LIMITED T/A GUY PENN
600d879d-14c5-4583-9d1d-47400afdd1c9,23119,ADVISORY INSURANCE BROKERS LIMITED T/A GUY PENN
bcb21965-5fc6-4d01-936d-80c33386677d,21892,"ADVISORY INSURANCE BROKERS LIMITEDT/A FINCH (""FINC"
0e8577f4-c329-4e83-8130-7d4fee64a9c1,22801,"ADVISORY INSURANCE BROKERS LIMITEDT/A FINCH (""FINC"
152d6019-1d4d-47ee-8d1a-58b244c782f5,75487,ADVISORY INSURANCE BROKERS T/A THOMPSON & RICHARDS
01f60a58-d38e-4974-8339-e7df05bdb464,75967,ADVISORY INSURANCE BROKERS T/A THOMPSON & RICHARDS
52cde12c-cc5d-445d-9d07-0831ef565219,85406,ADVISORY INSURANCE BROKERS T/A THOMPSON & RICHARDS
9350284c-dfcb-4dae-aeea-f5b9e1b93c29,21525,AIBL T/A BENNETT CHRISTMAS (BNL)
a3b58015-6612-44d5-ae79-b0a13e51ebd6,23117,AIBL t/as Guy Penn (BNL)
d5268e73-629f-4c36-b73d-d63494d176fe,23203,AIRSPORTS INSURANCE BUREAU LIMITED
9e6e92b6-99ef-496b-b638-6151a96f7ce1,23212,ALAN & THOMAS INSURANCE BROKERS
73ac6e1f-f68d-4ec3-ba3d-4c618051667c,85123,ALAN BLUNDEN & CO LTD
5aa07b7a-f398-49e2-be6e-06633cee942c,89389,ALAN BOSWELL INSURANCE ADVISERS LTD
b3b0af80-4497-4aeb-b465-724e160eee76,75469,ALAN BOSWELL INSURANCE BROKERS LTD
007ab771-2ef1-455b-addd-08cde61b3d1c,86286,ALAN BOSWELL INSURANCE BROKERS LTD
663b84ec-dbc5-46c4-aa0a-7be921ef636e,85186,ALAN BROWN & CO LTD
7ba0d487-1c7e-4388-b9c9-50827c710855,85187,ALAN BROWN & CO LTD
1eb81d45-212d-4a28-930f-4da91972406c,85188,ALAN BROWN & CO LTD
b8cb44d3-1b88-4352-b453-2ccc59b200f5,23089,ALAN BROWN & CO LTD
ff04befc-23aa-4ede-9beb-9a0a02b21052,23190,ALAN BROWN & CO LTD
1795c2d3-200e-4896-a5f6-5bad861f247f,23274,ALAN BROWN & CO LTD
0ec31911-2008-403c-9d25-cc3d4cdd17a3,22438,ALAN GASTON + MARY GASTON T/A ALAN GASTON INSURANC
b5c6c973-3fce-431e-ac57-d7bc12248064,21645,ALFORD BURTON & CO
019ce3d5-c6a4-4c51-97b8-dde6f62a2ff1,86447,ALFRETON INSURANCE SERVICES LTD
7e68659b-52fa-4ab2-bf72-325fa7978a0b,22769,ALL INSURE SERVICES LTD
60f643e4-000d-47e4-923d-12f290b352e5,22865,ALLIANZ BUSINESS SERVICES LTD
762dbae1-e011-4141-a850-177a67662d09,21499,ALLIED INSURANCE SERVICES LTD
155fa564-8f23-4884-9688-de1720ca36c2,21851,ALLIED WESSEX WESTINSURE LTD
6b81721f-fd1a-4681-a2ef-17880f92d6e3,23121,ALTERNATIVE PROPOSITIONS LTD
e30afbe3-5399-49d6-b9cf-926109d553aa,22694,ALTERNATIVE PROPOSITIONS LTD T/A ALTERNATIVE INSUR
9935f416-d015-4aa8-904b-8d47f761d919,23062,ALVECHURCH INSURANCE SERVICES
cd464e65-7f84-46b0-b90e-5c3d89942e41,22291,AMA INSURANCE SERVICES LIMITED
8db6429c-348d-4d6a-be90-06a9dd5e1376,22404,ANAMI AGENCIES LTD T/A LG INSURANCE SERVICES
03aab065-82f3-406c-b1b5-471e767a71a3,21062,ANCHOR INSURANCE
7bcc4548-fe37-4047-a18f-fa6102c8f116,21958,ANCHOR INSURANCE SERVICES LTD
bad241f9-e1d3-4f43-bde5-126cf57659e2,21945,ANDERSON & CO
4a62a284-2351-4d5b-9bac-ae1ae58f8dc1,21016,ANDREW YULE LTD
eae6d6b1-6aa8-41e2-b4b0-f889a9d6cb3a,87217,ANGLESEY INSURANCE SERVICES
331c5fac-6e65-4e0b-9c0a-2dd9d6d7c1a2,84997,ANTHONY D EVANS (INSURANCE BROKERS) & CO LTD
e4e122f5-4fd3-4cd7-875f-653f7149367b,21516,ANTHONY FIDLER & CO
ad619e3f-616b-4034-8c26-a605de593cb9,23351,APPLE INSURANCE SERVICES LTD
8ae4c04d-c56d-4955-bdcc-ed63e40f4317,91813,APPLETON & GREEN LTD
cbf12bd7-95d7-48bb-8cba-14866d1375f0,23309,APRICOT INSURANCE SERVICES LIMITED
f710aaa0-ed30-482f-a2a6-0ef4a4bcb4e9,22019,ARISS INSURANCE SERVICES (ARISS LIMITED T/A)
66f251de-34c9-4943-a4d3-4d9bc6a407bd,21879,ARKWRIGHT INSURANCE BROKERS LTD
06ac4082-88f0-46c5-bb6f-181845636e40,21182,ARNOLD CLARK INSURANCE SERVICES LTD
2b1850c1-e2f2-48b7-b070-f706ef1f8292,91735,ASHGROVE INSURANCE SERVICES
4e44af69-b0e0-407f-9af2-4b5285ef76fc,22674,ASHGROVE INSURANCE SERVICES
adc0215a-73a5-4960-8c30-ad600a1dfa0d,22490,ASHLEY PAGE INSURANCE BROKERS LTD
14a3c006-dbe1-4ffc-9983-da330701b1ce,23226,ASHLEY RODWELL INSURANCE AGENCIES LTD
a1e2133c-ba32-4ea0-b9a6-3385fe5348d7,23237,ASTON & BRADLEY INSURANCE SERVICES LTD
e94d7e58-8a50-4c7d-ac72-6e2c227ee6fc,22817,ASTON SCOTT LTD
ca33162d-c4aa-4c57-b5c4-e6ee02526140,86218,ATLANTA1 INSURANCE SERVICES
17464f89-fdb8-4f2c-8d68-55919eaf7132,85362,ATOM INSURANCE BROKERS LTD
7bc25e04-3582-4289-9f9e-d47a2a9c8fed,23144,AUTOLINE DIRECT INSURANCE CONSULTANTS
c16ef76a-0b3a-4a82-b757-681638ec68e9,91967,AWC INSURANCE SERVICES LTD T/AS YOUR INSURANCE SHO
85c15b2a-d9bb-46cd-92c8-97891de3fba5,75419,AYNSLEY INSURANCE BROKERS
7916cbc6-f311-4964-81e4-ba3b5162d4c2,22247,B H K INSURANCE SERVICES LTD
e02cc827-2bd7-4a67-a5d9-3ae8ab800bc9,89067,B P INSURANCE BROKERS
863379a0-70dd-470c-8427-062d5626664f,89315,B P INSURANCE BROKERS
35a270da-75cf-4311-b9e4-3dccf06d067a,89316,B P INSURANCE BROKERS
361be12d-fb1a-4c57-b2c9-c3d3bf1422c9,89317,B P INSURANCE BROKERS
0244001c-1f0d-4965-bdf2-f50c3334f07b,22285,B PORTWOOD & CO LTD
98d86105-8191-4148-a8d3-03796ef2963e,21025,B T I C LTD T/A BRIAN THOMPSON INSURANCE CONSULTAN
58ffc363-dd1f-446c-b5c7-1f2ef37b0722,22424,BACKHOUSE INSURANCE BROKERS LTD
f71e3a19-6b80-40cf-a408-263e090bf019,22378,BALE INSURANCE (LEICESTER) LTD
c4831dc1-5a0f-4fc1-9d37-d73d4034f5be,75425,BALE INSURANCE BROKERS LTD
1abdc21b-9a47-4850-a961-2db83ab57bd9,23219,BARRIE OF DURHAM
e6d21d0d-54d8-4e70-9a71-3844954e6c1f,23358,BARROW HAZELL & COMPANY LTD
80398fd4-f23b-4997-bf0c-6de9d1111aa7,86486,BARRY GRAINGER LTD
649047ba-4148-4185-91bf-e005224f323c,22279,BARTS INSURANCE BROKERS LTD
3fbb3d72-4cec-4d31-abbc-044425b13491,23018,BAUSOR HALL ASSOCIATES
00ff3c59-d9a0-439c-8dec-5cbde2e8c148,22652,BCM ACQUISITIONS LIMITED (ACADEMY HEAD OFFICE)
f768796e-fa9f-48ef-b410-d8d5de5808d3,22707,BCM ACQUISITIONS LTD T/A DUNELM
ecde4cee-2f77-4d58-afcb-ba1eee8f8f69,21725,BEAUMONT LAWRENCE & CO LTD
d0ea08f1-997f-4e56-82ca-4564b5652ca9,23257,BECKET INSURANCE SERVICES T/A CDC INSURANCE
87a4943a-b43e-400d-a94e-e205c2c7279c,21823,BELL INSURANCE BROKERS LTD
8cf5331a-3e0f-4ba3-a88c-f9b0b57a4258,21707,BERESFORD I B LTD T/A BERESFORD INSURANCE BROKERS
004e3f30-2a2f-4d2f-b636-14329a708300,22484,BEST INSURANCE SERVICES LTD
b67a8c47-c846-4048-a086-5509db4dec2f,22871,BESTFORD & COMPANY LLP
6683f9db-435e-46e9-9e1e-dc532bfad5cd,21891,BICKLEY INSURANCE SERVICES LTD
cde4b107-44b1-4c43-b669-8076bdf55eff,88163,BISHOPS INSURANCE BROKERS
ce7feace-a080-41cc-8e63-97375dae7fc7,21683,BJP INSURANCE BROKERS LTD
dea4c109-3a8a-4262-8c73-3a560823c483,22049,BLACKROCK EXPRESS INSURANCE AND FINANCIAL SERVICES
a35fdb5f-ff40-4fde-a66c-d05b25ca925a,88619,BLANDS INSURANCE BROKERS LTD
833fc174-28c6-4705-9116-ae6ce853547b,21961,BLS INSURANCE SERVICES LTD
de0ff72b-c059-45d6-9791-9574c89f557b,21856,BLYTHIN & BROWN LTD
e671f918-ced2-4cf0-8c62-bd10cfd147fd,23130,BOLLINGTON INSURANCE BROKERS LTD
88268ca5-a183-4c48-8483-add03200d335,84925,BOND LOVIS INSURANCE BROKERS
bc5c7566-7d6c-440d-b117-41685959a80a,23267,BONSAI INSURANCE SERVICES
b516ccf8-4a4e-4aef-8e83-abc9dd38b013,21814,BOSTON INSURANCE SERVICES LTD
5c3461e7-83a6-4c3b-964d-889335fe5366,86420,BRADY INSURANCE SERVICES LTD
0ef1f227-d53c-433c-9f5b-fe0960ffbc50,22657,BRADY INSURANCE SERVICES LTD
8257dee0-a2c0-4a9a-8934-2ac69979ce40,23185,BRADY INSURANCE SERVICES LTD
e6ab4601-ddc0-4a88-9753-7a08be618728,21056,BRADY INSURANCE SERVICES LTD (M J HARVEY)
c9358f17-bea2-40b7-85d3-d5696fde15e1,22869,BRIAN MCGURGAN INSURANCE
34cb75fd-87b3-4be9-a88f-e4eb42ef734b,22656,BRIAN THORNHILL & SON INSURANCE BROKERS LTD
607f2944-8eb4-4979-8157-9231c233547c,22434,BRICKS & MOTOR INSURANCE BROKERS LIMITED
6a51a5bf-014e-4990-987b-5ce75f32f773,23051,BRIDGES INSURANCE BROKERS LTD
201f51fe-4b4c-48a0-a522-0a8d6e183329,22407,BRIGHTSIDE INSURANCE SERVICES LTD
55403a05-770b-41bb-a693-cb0ee5e7155f,22328,BRIGHTSIDE INSURANCE SERVICES LTD (
a148044d-c5d9-4db3-84f0-64d372635aac,21585,BRIGHTSIDE INSURANCE SERVICES LTD (MOTOR & HO
001d3cf5-ec69-45d3-9967-362fcafd48b1,22086,BRIGHTSIDE INSURANCE SERVICES LTD T/
85cadedd-74e2-41b2-a742-901330c36dc0,22322,BRIGHTSIDE INSURANCE SERVICES LTD T/A ONE BUSINESS
b0c58b5c-0926-4eb2-8210-a11243c792f4,22676,BRINSWORTH INSURANCE & FINANCIAL SERVICES (TRENDLO
eef85806-614d-4eb4-aaa5-fe5bea61e756,91637,BROADSURE DIRECT LIMITED
4b7861d5-01aa-41bb-8373-adcfdfbbced1,23262,BROKER EXPERTS LTD
491973b8-7df7-4dfb-be4a-a2280859a6b8,87185,BROMWICH INSURANCE (BLOXWICH)
355c82b2-0112-471e-907d-ac8f9a4529e4,86770,BROMWICH INSURANCE BUREAU LTD
59ba9fc3-eb39-411f-8a53-6a0a3e99565f,87187,BROMWICH INSURANCE BUREAU LTD
7e454ddc-6192-4c45-8e77-1ab9c26cc667,87188,BROMWICH INSURANCE BUREAU LTD
f9b72960-d678-4369-873a-a9fe8b317bcc,75479,BROOKS BRAITHWAITE & CO LTD
9c4f1b6c-e8aa-4c90-bb13-2847aa781288,23360,BROWN & BROWN INSURANCE BROKERS (UK) LIMITED T/A C
2a0f9d75-5afe-403c-847d-efc5b952aa5f,22891,BROWN & BROWN INSURANCE BROKERS (UK) LIMITED T/A W
c7034243-2356-4a46-ab69-dec74b592696,23327,BROWN BEVAN INSURANCE BROKERS
6d75fcdc-a8b3-4dfa-aca7-16acead33c0e,23355,BROWN&BROWN INSURANCE BROKERS (UK) LIMITED T/A HIG
8e7829ec-fce0-4ccf-8f8f-2becf0c3af9e,22519,BROWN&BROWN INSURANCE BROKERS (UK) LIMITED T/AS AL
76eb4d4f-e44f-4f9a-9226-f53372d66be6,23334,BROWN&BROWN INSURANCE BROKERS (UK) LIMITED T/AS AL
c8b310ce-f8ba-48d2-9825-9737d5faff4e,23350,BROWN&BROWN INSURANCE BROKERS (UK) LIMITED T/AS GR
553472df-e044-42de-9c25-d84c5c3f0caf,23307,BRUCE STEVENSON INSURANCE BROKERS LTD
f0c60095-6b1a-46d4-9b76-ecebc9279a47,21944,BRUFORD & VALLANCE INSURANCE SERVICES LTD
ce5da87e-2003-4225-8bd3-6e051eb09c9e,89607,BRUNEL INSURANCE SERVICES LTD
2da94af0-3243-4089-a116-932a7e0425fa,23302,BUCKINGHAM INSURANCE
14c1b4d4-e271-4efe-9837-229c6c9c57af,23061,BULLERWELL & CO LTD
b2b55cf9-3893-44d3-9e51-f908cd24251d,21083,BURROW HUMPHREYS LTD
9f7e5295-535a-443f-8548-01715530ea2c,22034,BURTON ASSOCIATES
7daab85c-4540-4d06-8b32-43de0aef1ac6,22485,BUSINESS INSURANCE SOLUTIONS LIMITED (BRANCH L)
2be202a5-b3ec-4416-9c89-cc7005d0db07,21825,BUSINESS INSURANCE SOLUTIONS LIMITED (BRANCH V)
e7d6c2ac-2185-4b1b-a3dd-db589142a775,21841,BUSINESS LINE INSURANCE SERVICES LTD
4726bbb9-00ad-4393-a3c2-90e03831fec6,22833,BUTTERWORTH SPENGLER SOUTH WEST LTD
f7df07db-43dc-44eb-a6c0-55ac8fa74c7c,21952,C & B INSURANCE SERVICES LIMITED
ca8778ac-3262-47c2-91f4-22c45a168e06,23033,C & M INSURANCE CONSULTANTS 2001
b6c5f866-25f2-4391-a81c-b359e61dc367,85361,C C FLINT & CO LTD
575f7ba1-82a2-4a92-bfb2-071bebd96c5a,85320,C C FLINT & CO LTD (GRP)
c583866e-7cd4-4006-9999-a7548bd4e7e8,22716,C P WALKER & SON
a5720803-80ca-49c6-a2b8-db91344afef3,22982,C R K MOTOR INSURANCE SERVICES LTD
30496d31-1b61-4d8f-b1cb-d7b5592ad16c,87931,CAITHNESS & CO LTD
661884b6-c73d-4d7a-bb03-534ea9e7686a,22017,CALCLUTH & SANGSTER (INSURANCE BROKERS) LTD
023bb84e-0982-4fe3-bf9f-7bc4f45e0bee,89604,CALEB ROBERTS INSURANCE SERVICES LTD
355d3dc9-d344-4176-9a23-d50946ff1431,89507,CALLAWAY & SONS LTD
83558a5c-c1d0-4bd8-b559-5aab90deaf4e,75504,CAMPBELL IRVINE (INSURANCE BROKERS) LTD
52c497d1-ddae-487d-a952-558b7a848825,21977,CANFIELD-PAYNE INSURANCE CONSULTANTS LIMITED
92e2b81f-c310-47da-a03d-15954b082691,23058,CARFINANCE247 LTD
2668f03d-409c-4097-887a-39e8ed37aee2,22847,CAROLE NASH INSURANCE CONSULTANTS LTD
deee46d9-2d38-47df-a128-d2e42c465c6b,91805,CARPOL INSURANCE CONSULTANTS LTD
70524876-1670-4725-8c5d-5aaf840425a1,23147,CASS STEPHENS
951ddf52-cebc-45aa-9920-a1189a30f589,21026,CASTLE INSURANCE SERVICES (NORTH EAST) LTD
78320cb8-ddb8-49bc-a590-feaf73ec38f7,22527,CETA INSURANCE LTD
d0bbf84c-5abb-4e3a-bbbe-f8031d0140d6,22739,CHALKWELL INSURANCE SERVICES LTD
7722b6bc-8b49-4409-aac4-a3d7c470f6cb,92990,CHAPMAN & STACEY LTD
2d181ee1-600b-4b1e-b79c-aa29033ccffd,86524,CHRIS KNOTT INSURANCE CONSULTANTS LTD
bb0a0138-a338-4ab9-bb71-33ee51ee77df,21968,CHRISTOPHER TRIGG LTD
f65bf006-2c2a-48d8-9733-63f8fd037124,22103,CHUBB INSURANCE BROKERS
a19e6ab8-ba32-4ad1-b4e7-f2a62e7a1e88,21804,CIP INSURANCE BROKERS LTD
0a13b803-d65f-4ac6-a83c-bebd9dcc1932,21004,CIP T/A DOUGLAS INSURANCE SERVICES
3cd98610-93c0-443c-9181-6ecda2a2de96,21923,CIRCLE INSURANCE SERVICES LTD
ba92ac09-0c12-459c-a4a3-118f1b091c56,91466,CITY BROKING LTD T/A CITY INSURANCE GROUP
56fe1c55-ed30-4e42-9d6d-8a758def4aa2,23229,CITYGATE INSURANCE SERVICES LTD
f3c1a492-0007-4a45-87d1-4a3b08bac678,23321,CLASSICLINE INSURANCE SERVICES LTD
9b833ce9-dac6-4567-bbdd-ec1febdacc4f,75481,CLEAR INSURANCE MANAGEMENT LTD
4d3882a8-683d-475c-9d18-da863502610a,21024,CLEAR INSURANCE MANAGEMENT LTD
def69e20-bd30-4ac2-a26b-73a29d651f8f,89482,CLEDDAU INSURANCE SERVICES LTD
7fe6ed33-e337-474e-876b-d90b9d96e76a,89484,CLEDDAU INSURANCE SERVICES LTD
316c2ddb-4183-4eb8-945a-fcc9991f558a,21997,COFTON INSURANCE SERVICES LTD
785dc19b-8b48-4c90-b14b-e25247771181,22264,COMMERCIAL INSURANCE BROKERS LTD
68ce74eb-dca5-45b5-80f1-f866f4b573eb,22479,COMPLETE COVER GROUP
9b1531af-d10b-4465-a40a-73ea68c81c9e,21877,COMPLETE COVER GROUP LTD
c982b3d2-8feb-4bd2-9665-f09c00fe88ed,21120,COMPLETE COVER GROUP LTD T/A COMPLETE CAR COVER
fbe0ddf7-f0da-4148-be14-15613b64fccd,93246,COMPLETE COVER GROUP LTD T/A COMPLETE CAR EXTRA+
03eed5b6-c9ff-4181-84b6-3a11bf90084f,23204,COMPLETE COVERGROUP
dc789a1b-5820-4002-98dc-9cf0f4021662,75546,CONNECT INSURANCE BROKERS LTD
5259dca0-b0af-47ff-a23f-89d3ae51e60a,84916,CONNECT INSURANCE BROKERS LTD
bdc3bb22-61c4-4ca0-ae75-f7064b63996b,23348,CORNMARKET INSURANCE SERVICES
0d570801-bcd8-4f66-9def-785e60a94cc8,89149,COUNTY INS CONS LTD T/A ANDERSON ASHCROFT (GRP)
26f10226-89c1-43ca-97a9-1f1b7e8ac46f,87536,COUNTY INSURANCE BROKERS LTD
7bddb793-57cc-418b-9a87-af17c4430462,21246,COUNTY INSURANCE CONSULTANTS
9f0f1e53-3bbe-4e5a-9657-f3a98f530205,21260,COUNTY INSURANCE CONSULTANTS LTD
65124ba9-c12c-4212-a1c4-ddd9fc095c20,22678,COUNTY INSURANCE CONSULTANTS LTD
e0ae256e-e984-411f-bb72-87b281dedf3a,22717,COUNTY INSURANCE CONSULTANTS LTD
02e65832-c971-4881-a6b1-1b88ec63b0f6,22718,COUNTY INSURANCE CONSULTANTS LTD
2d7fa332-e5e6-47db-843b-41d55bba626a,22806,COUNTY INSURANCE CONSULTANTS LTD
9e38336f-402b-41f6-a44f-43135a8d4beb,22978,COUNTY INSURANCE CONSULTANTS LTD
93651fe0-220f-4c68-a498-ae21ad100cd9,23109,COUNTY INSURANCE CONSULTANTS LTD
8e32bbbf-2e2d-4794-93d6-9437debfaee9,23270,COUNTY INSURANCE CONSULTANTS LTD
5260d740-9b8d-4ee1-990f-ddef05140efc,84372,COUNTY INSURANCE CONSULTANTS LTD (BRADY & JONES)
67041185-e991-4d9b-b80b-1b709dd64006,23166,COUNTY INSURANCE CONSULTANTS LTD T/A ARCHENFIELD I
3a588d91-ab75-4d73-b4ac-588fb6e16ba1,92772,COUNTY INSURANCE CONSULTANTS LTD T/A ARTHUR MARSH
d0e063e2-9796-45ea-afe1-492bcb42b55a,75602,COUNTY INSURANCE CONSULTANTS LTD T/A BARRY FENTON 
17546020-54a7-44a1-a0d5-7cff9a13bcc7,23172,COUNTY INSURANCE CONSULTANTS LTD T/A BRUCE EDWARDS
7d564962-70b0-4af6-b9c2-bac8cbb2cb1a,23281,COUNTY INSURANCE CONSULTANTS LTD T/A DOUGLAS INSUR
22405578-3bf8-4eae-97c2-eee73b2c4c67,23007,COUNTY INSURANCE CONSULTANTS LTD T/A GEORGE WILLIA
2f5e7e5d-a2fb-41df-b81b-1514ff046f41,75792,COUNTY INSURANCE CONSULTANTS LTD T/A MEADONS INSUR
91a59caf-9f7f-4b2a-aa5f-9fad706f289f,23305,COUNTY INSURANCE CONSULTANTS LTD T/A PG INSURANCE
c36cc276-f3ad-4914-aaf0-0d1b98119c92,21909,COUNTY INSURANCE CONSULTANTS LTD T/A PROTHEROE INS
32a26a56-e794-46c3-aae7-879bc2418d38,22805,COUNTY INSURANCE CONSULTANTS LTD T/A RAHON INSURAN
ee547674-a18c-4340-a7e8-5fc6094f2851,84904,COUNTY INSURANCE CONSULTANTS LTD T/A RAWLINS INSUR
6fc26d8d-d4f4-4d0f-8395-e5fbe36c0c72,75869,COUNTY INSURANCE CONSULTANTS LTD T/A RIDGE INSURAN
2c5ecfad-7f39-4e07-ae7b-53cb22b3abac,75894,COUNTY INSURANCE CONSULTANTS LTD T/A SAGAR INSURAN
0deac8fc-b65c-4565-8639-134dc0cfa7ed,23087,COUNTY INSURANCE CONSULTANTS LTD T/A SWINFORD INSU
d8ef62a7-3eff-44fb-8dd9-904e1e0984f9,22800,COUNTY INSURANCE CONSULTANTS LTD T/A WYE INSURANCE
f56584cf-7b32-4c65-99aa-354ce4e1b8e3,21805,COUNTY INSURANCE CONSULTANTS T/A CJN INSURANCE SER
ba45566f-0d73-410c-8e3d-3975aa7ff43f,90397,COUNTY INSURANCE CONSULTANTS T/A THOMPSON BROTHERS
1921c190-4c2d-4505-ac3a-fd26ec59f0b9,22854,COUNTY INSURANCE CONSULTANTS TA WREXHAM INSURANCE
c5b427c9-82c1-45db-bea4-b0e1eec89d79,21962,COUNTY INSURANE CONSULTANTS LTD T/A PROTHEROE INSU
e381fa74-c6c9-4070-a824-a87bea78b327,21395,COVERGUARD INSURANCE BROKERS
de886034-4bb3-4aca-981f-2f9ddb595706,75555,COVERWELL INSURANCE BROKERS LIMITED
7e47ad3f-db32-45ae-9be1-3a3687e558f0,23238,CROSSROADS INSURANCE SERVICES
9290d858-fdf1-4016-9405-3573ea86e03c,81017,CROWNSWAY INSURANCE BROKERS LTD
b83985ee-04a1-4014-9649-54f71775623c,86385,CROWTHORNE INSURANCE SERVICES LTD
516794d4-ba63-4629-8216-27423cc35aac,23181,CRS CONSULTANTS LTD
af8774f9-f6e5-4bdf-9227-8404d5b506ff,23080,CRYSTAL INSURANCE SERVICES LTD T/A CRYSTAL INSURAN
7ed0365b-0234-43dc-a356-5e46b4a38d30,23243,CURRAN CONNOLLY & CO
f74a1b45-2e7d-450c-a49a-b188c6ee34cb,22258,D & G INSURANCE SERVICES LTD
1d1c07d4-39cf-4530-9ed9-f1c1dbf5605d,93010,D B ALISON & PARTNERS
6e10c54f-3dff-4ff4-98f0-30726a927c11,21420,D J LAWRENCE & ASSOCIATES
b5727945-e894-45c4-af58-d25d2f8edcdc,21065,DAEHAN INSURANCE - (Paradise Financial Ltd)
42c40a80-b727-496f-9cf1-b89c443261a8,22880,DAINES KAPP INSURANCE BROKERS LTD
e49f0494-8172-4172-a1ad-df426a4220d4,21504,DAULBY READ LTD
23a51c0f-7c72-417d-a649-08e21908aca1,23293,DAULBY READ LTD T/A HORNBY SNAPE
2f7b3b5b-3757-4bc1-99a1-913187568456,23055,DAULBY READ LTD T/A MUCH ADO INSURANCE
dbde101a-90fa-4d9e-b8f1-9bd672987bb3,21408,DAVID AUDEN & ASSOCIATES
ae259fbd-ea57-4a2c-b89a-31a15743b457,23103,DAVID CHARLES INSURANCE SERVICES
91ff32e3-881b-4db5-83db-0efe51e038cd,22841,DAVID EDWARDS INSURANCE BROKERS LTD T/A EDWARDS IN
07d897e0-bca2-4488-b932-84b4d49d9b72,89258,DAVID HASKOLL LTD
589187ff-ce7f-41ac-93a6-a04c9f1d270f,23059,DAVID J KILLEN & CO (INS SERV) LTD
3685d8c9-6e5e-49e0-9241-4531389cd39a,76133,DAVID J MILLER INSURANCE BROKERS LTD
f081d90d-daf2-4829-9b7d-ab3f9648e247,93273,DAVID VAUGHAN & CO
a12326d4-0f9f-49d7-b51a-bbd3d2299de0,22452,DAVID WAIN INSURANCE SERVICES LTD
e29abd24-702a-4064-8dc5-69150a8bd41f,75569,DAVIES CRADDOCK LTD
4de99b3b-2cd1-4c6d-9707-ee186b585fe8,23361,DAVIES CRADDOCK LTD
6ee63b2c-5aa9-43dd-b52c-31535a60199d,75577,DEESIDE INSURANCE BROKERS LTD
55f286f4-a59a-4ea8-8ec8-aa384aace185,75997,DENNIS WATKINS & CO LTD
81eb44e6-dbc1-4328-bbba-00da21e43ac9,92827,DERVENSURE INSURANCE BROKERS
0bba1bf0-a0e9-4f81-b26e-cc18bf406245,22113,DEVON DIRECT INSURANCE SERVICES LTD
88bf206a-cee4-4cb3-a279-106e82b76394,22095,DIB INSURANCE LTD
cb87dfc7-f6b9-4d32-a018-1418a4f5542c,23277,DICKSON & CO (NI) LTD
f7c6bb95-17b3-43e5-8181-dec5148345d2,23325,DICKSON & CO (NI) LTD
cb6f7e81-0e32-445e-8aa8-0ce4bdb03b6f,21023,DIGNEY GRANT LTD
a7d15590-a847-4f0a-8d80-3e5ecb06399d,91462,DNA INSURANCE SERVICES LTD
f40f49a2-a5ba-4ee3-914f-e77ef7044f85,75584,DOBSON & HODGE LTD
6bbcc2a7-a67a-45b7-a637-28752197f483,23046,DONALD COPE & CO
db62e075-e7e4-4c33-a6a9-46562b571f91,21875,DRAYTON INSURANCE LTD T/A DRAYTON INSURANCE SERVIC
ca6d251b-2918-46ab-8ea2-7c6c6582b153,22524,DRS COMMERCIAL SERVICES LIMITED
f143d2b8-8821-45bb-be83-edcab0c5f7cb,81191,E A DAVIES & CO LTD
5b10355e-93b2-490a-a967-bf20c21d2a48,21508,E I C INSURANCE SERVICES LTD
9f8a05f6-11c8-46c4-b70b-ec3b04913258,22392,EAST PENNINE INSURANCE CONSULTANTS LTD (FLETCHER)
a60e9745-4045-4f3b-8e11-16a2c57b437e,21914,EASTWOOD & PARTNERS LTD
da8921a0-9795-44f6-b70e-f063650a7349,23182,EASTWOOD & PARTNERS LTD
d9627653-8da2-4002-852c-39d9196c4c76,22259,ECS INSURANCE BROKERS LTD
8bbcd66f-671b-458c-a8cf-06b98d55a0e9,22842,EDEN INSURANCE SERVICES LTD
b182732e-4f73-40a7-9abf-bf4791c0a160,87175,EDINBURGH RISK MANAGEMENT (GENERAL) LTD
2c6e0fe7-5f7f-44d4-94e8-c70292eb1511,23137,EDINBURGH RISK MANAGEMENT (GENERAL) LTD
f418caeb-c525-4dbd-be60-0b0288304a6e,23064,ELEY INSURANCE SERVICES LTD
2b3b5728-ebe2-491e-94f8-4f2b303f0366,21021,ELLIOTT SLOWTHER INS SERV LTD T/A A19 INSURANCE
2e940cdd-cf78-4026-a463-80926ea59989,23099,ELLIOTT WESTLAND INSURANCE BROKERS LTD
60130196-f5af-43a0-8377-5a029dc48f8b,22538,ELLIS DAVID LTD
0a2bd7c3-e6a7-4dee-9c04-ddb899318de6,76701,EMROSE (INSURANCE BROKERS) LTD
c00722c6-c1a1-4a2b-a5f9-4393fe12f016,22254,EMU INSURANCE & MORTGAGE BROKERS LTD
c47f79a5-c257-4706-a262-fafcfcf73bcf,23177,ERNE INSURANCE SERVICES
7d0ff546-e9ed-4474-8e06-b96c8ae1bef3,22523,ERSKINE MURRAY LIMITED
084eb6c6-1c8f-487e-9b37-85648a20a1dc,23034,ERSKINE MURRAY LTD
db4ae052-4657-4965-9025-628ddcfb336b,21121,ERYL JONES INSURANCE CONSULTANTS
53af37e0-fa2a-41dc-bf10-32248433d566,75595,ESSEX INSURANCE BROKERS LTD
ccaae7c6-604d-4529-a7e3-e6da8b2e96de,92626,EXCEL INSURANCE SERVICES
c9041411-91d5-4256-82a6-a81d12cf8a7e,23022,F R BALL INSURANCE LTD
c1c11142-e9d1-4459-bddc-7da6adf6c4ab,89530,FAIRWEATHER INSURANCE SERVICES CHESHAM)
7863a5f5-cd3b-4ad6-8d4e-93ebc1ce4f81,89855,FINCH COMMERCIAL INSURANCE BROKERS LIMITED T/A HUG
2b149f1a-d101-41da-81d9-47aa8f2233dd,75909,FINCH GROUP SHENE
6fd99100-00aa-43bd-a666-aeef9c1f333a,22363,FIRST INSURANCE SERVICES (FRESH INSURANCE SERVICES
f303a1a6-4049-4106-ac93-68279ba5fd76,21500,FIRTH & SCOTT
f1c0a522-f662-4240-b924-261d6f1473f5,21496,FOGARTYS INSURANCE SERVICES LTD
4ccbdaa8-9c29-4172-aa27-f0fbcb30147a,75612,FORD & COMPANY GENERAL INSURANCE BROKERS LTD
a98cc74d-2ece-4794-ae70-0bfb184f50ca,91465,FORTUNE INSURANCE SERVICES LTD
6f32cfd1-5430-44af-80db-5bdeef0790f0,89394,FRANK PICKLES (INSURANCE BROKERS) LTD
13d42004-878a-45cb-9993-f2cc7becc833,23135,FRESH INSURANCE
2e7057ce-9b0a-4212-8869-d64eb3cbc5a1,23236,FRESH INSURANCE - HOMESERVE
1ecf8fae-4f7f-4893-938e-15e52ed37b6e,21427,FRESH INSURANCE GROUP
db0b1e72-12b2-43dd-adfc-a86073111ada,23356,FRIAR STREET INSURANCE CONSULTANTS LTD
bb1becac-e79c-44dc-8712-d0d0c810f9a2,22837,FUW INSURANCE SERVICES LTD
cd210b6e-7afa-4bf0-a450-ebcce605fdc9,93185,G D ANDERSON & CO LTD
7b54a5cf-8383-4b10-8511-9332c8cea53f,21041,G D ANDERSON & CO LTD
ef43940e-d714-4f6a-b473-bf5fec4ca353,84221,G J SLADDIN & CO LTD
bfdfb1d5-76d9-4ed9-bd95-1be92c204b4f,92086,G M I INSURANCE SERVICES LTD
44bf84d0-81e5-4922-beee-6d7fe3b0e5d2,23180,G MOORE & CO LTD
ebe71c2f-c601-43b9-860d-54585b9bc625,22228,G R MARSHALL & CO LTD
eece5160-b6de-4a06-beff-dd5c9480d9d8,22822,G R PLIMBLEY
fd4d7be2-16fa-4151-a3d2-84d2623dfeb1,21833,G S I INSURANCE SERVICES (SOUTHERN) LTD
515b9add-cfd9-42d6-8281-4edc55b9dfc4,23369,GEORGE STUBBS INS SERVICES LIMITED -  PERTH
e2be237e-d984-496c-9b1d-db9593211a82,23371,GEORGE STUBBS INS SERVICES LIMITED - DUNDEE
98cd7d25-2eec-4442-9de7-fad7bee72060,23372,GEORGE STUBBS INS SERVICES LIMITED - DYCE
ad08f2d6-2177-46fe-b27f-1bd220c71f2e,23370,GEORGE STUBBS INS SERVICES LIMITED - GLASGOW
f95f01c5-6fda-4c48-b2e1-7f520c8dd18b,22588,GETAQUOTE LIMITED T/A COVERSURE INSURANCE SERVICES
6d283c83-8245-4948-a81e-f13fb2666f8e,22755,GIBBS DENLEY INSURANCE SERVICES
4b07abc8-9181-4b14-a068-86e470fe0f5a,86405,GIBSON (HAWICK) LTD T/A GIBSON INSURANCE SERVICES
a0ab0463-1e07-40f0-bad4-d1e8adb60e4d,22450,GILES INSURANCE CONSULTANTS (NEIL ANDREW GILES T/A
a382166f-e61b-4ed5-bdcc-8e09ce57f4d2,22068,GILL INSURANCE & FINANCE CONSULTANTS LTD
95e6d4bc-99a7-49c7-8dc6-baae47ec01fd,23258,GILL INSURANCE & FINANCE CONSULTANTS LTD
86cfee3e-1934-410d-b81d-1bf64929756c,21613,GILL NOBLE & CO
90983f24-9e88-483f-983d-d173d21515af,89091,GLOBE INSURANCE SERVICES
d2ddbf99-d4c2-4025-9274-d7690ca607ad,22798,GM INSURANCE BROKERS
61b2e4fe-c718-4aff-9596-a9db068d037f,75634,GOLDSTAR INSURANCE SERVICES
488ddb90-a841-4ffb-964a-c9eab269a8e2,23035,GOMM INSURANCE
1d4e5a20-ff9f-4609-b3d1-778f835b071d,22689,GOODMANS COMMERCIAL INSURANCE BROKERS LLP
cd5f84ef-e3fb-4c0e-b405-402ecb7e2e7c,23220,GOT YOU COVERED LIMITED
97236f77-1d87-4672-a55e-d99a4817c94d,91802,GOTHIC INSURANCE BROKERS LTD
e1113116-1920-4fa7-8418-bea1801ee2bf,22076,GOTHIC INSURANCE BROKERS LTD T/A CERTIS INSURANCE
8cf9298d-a08c-44db-bd52-293eadf6f056,21702,GRAEME BLAIR (INSURANCE BROKERS) LTD
91361ede-86f6-4e7b-9eb8-422f15a042f6,23026,GRAVITY RISK SERVICES LTD
c928f472-9e80-4358-9144-b1f113b3285b,21951,GREEN INSURANCE BROKERS LTD TA CREED ASSOCIATES
ab4ede7e-620a-4372-83d5-054b336726ae,91070,GREEN INSURANCE BROKERS LTD TA MANOR
9aede20e-1898-4e3e-ad1a-0d08fc6ee2cf,84564,GREEN INSURANCE BROKERS LTD TA R T WILLIAMS
ea629215-12e9-42ef-98a2-c0771b0f70cb,75816,GREEN INSURANCE GROUP (ROYMINSTER LTD T/A)
25c61ade-58e6-4d57-bc7a-0cb48066d772,76691,GREEN INSURANCE GROUP (ROYMINSTER LTD T/A)
af6ab2a5-2301-4f6b-9c0a-c07e25b9a3c8,22451,GREENLANDS INSURANCE SERVICES LTD
a38e7cd1-2184-47e7-b771-0dcdd19862fc,75790,GREENWOOD MORELAND
76019f45-6d1d-4d7b-82a7-29aaceba3eae,22719,GREENWOOD MORELAND (EX GORDON BLYTH)
162d0689-c564-425b-ad9f-05bab4eb8246,92986,GREENWOOD MORELAND (EX KINGDOM INSURANCE)
15500701-2404-4856-8730-a27a7555782e,22989,GREENWOOD MORELAND INSURANCE BROKERS (BNL)
14b97083-f6b6-4ca6-83e6-f211938f9f5d,86442,GROVE & DEAN LTD
a242dc63-cb4f-48ab-9d04-0d4ad4dd5033,22454,GROVE INSURANCE SERVICES (DERBYSHIRE) LTD
77ec8018-177b-4484-927d-74f52bdb77bb,23014,GRP RETAIL LIMITED T/A GRP INSURANCE SERVICES
57ef9c07-da60-4897-9557-a499370af91f,21826,GRP RETAIL LTD T/A B B INSURE
60f3ac93-1a4e-43c0-b5cc-ffc067e6b75b,23225,GRP RETAIL LTD T/A GREENS INSURANCE BROKERS HUB
ac0f01a6-422e-4f12-b37a-7a4e04682a47,22246,GRP RETAIL LTD T/A INSPIRE RISK MANAGEMENT
79f168b0-3dd5-4e87-b783-5ec868346d29,23336,GRP RETAIL LTD T/A INSPIRE RISK MANAGEMENT
df5118be-3998-47f5-9f79-a8150104bdda,23174,GTI NOTTINGHAM LTD T/A GT INSURANCE BROKERS
5b87d8a8-10a5-406d-a69c-08cc57e4433c,22270,GUY PENN & COMPANY T/A REID HAMILTON
30b5bde6-675e-4840-811e-26be6f6ed491,75717,GWYNFOR JONES & CO
b07e3e86-6d5d-4bf4-96be-c319c9a1ebea,84080,H & R INSURANCE SERVICES
3276886d-b682-4262-b0b6-d8b12bd5a399,23241,H & R INSURANCE SERVICES
bb3d71f8-4eb1-455f-9461-ee8638066026,75910,H A SHEPPARD & CO LTD
8900496d-3f74-4c45-8e5b-71e3d084468c,22096,H R JENNINGS & CO LTD
4a99ffbf-cb46-464a-b2de-10fcf023f341,75540,H S COLEMAN INSURANCE SERVICES LTD
e323ea91-2e70-48c0-befa-dbb99f98dbaf,23264,HADEN WELBECK
002f3d45-eb6c-4dbd-8244-b52170306c55,22453,HALTON INSURANCE SERVICES LTD
c316a7ab-51c8-478c-8da6-cabf26876d87,89447,HAMILTON ROBERTSON INSURANCE BROKERS LTD
351db09c-6259-4189-ae23-c41bcaf31631,86700,HANSON INSURANCE SERVICES LTD
4fb9049e-9fb5-432f-8dd0-ae7a7c14bebe,21832,HARGREAVES PERKINS INSURANCE BROKERS LTD
3de94f6a-6125-45c3-aba4-d6579f776e9e,89413,HARTNSURE LTD T/A HART INSURANCE BROKERS
355a7f49-ef70-4c97-a4d4-5cc85889517a,22886,HARVEY PETTITT & PARTNERS
ba571644-9c72-44bf-ae16-ac092fcc02cb,23239,HAYES PARSONS LTD
5a3da7b3-dbde-4ba3-b5db-800d3a2cc551,23315,HAYES PARSONS LTD
aa482eaa-5d73-4ca0-95ac-3884419b3ca6,21649,HEADLEY GROUP LIMITED
e80200af-98d9-4c62-9998-607d14d78c27,22061,HEADLEY GROUP LIMITED
1f4fad5f-59d2-4f22-a5be-e0196484e68f,21663,HEADLEY INSURANCE SERVICES LTD (ROBINSON BUCKLEY)
073845b2-7205-4e41-96e5-00763d870a89,91800,HEATH & BLACKSHAW INSURANCE SERVICES
c67d01a9-ade0-4011-8181-b5c23317f5de,87115,HEATH CRAWFORD & FOSTER LTD
502d69bd-bd53-4cdf-9476-897e9cae9e4b,21019,HEDON INSURANCE CONSULTANTS LTD
a681d66f-10e4-4952-8bf6-9a57511565d2,21127,HELEN MEACOCK
5ed0bcca-c86e-46f5-a803-324b73e001a3,22255,HENDERSON INSURANCE (NE) LTD
80931b4a-3d4a-4728-bf88-cf92eb948032,22376,HENDERSON INSURANCE BROKERS LTD
1c9d038f-7d16-4d61-ba6a-e54621ef2af9,21996,HENRY F DODDS LTD
6d8505f0-0806-43a0-b789-f27e20b86da6,76355,HERITAGE INSURANCE BROKERS (WTON) LTD
8705e2a3-179e-4376-ac5e-46ab8016e86c,23221,HERTS INSURANCE CONSULTANTS LTD
602e7f28-4887-4d7f-80b4-35b7fa0d8040,87552,HIGOS INSURANCE SERVICE LTD
4518a2d4-e55e-4a58-b8b5-702fdaecdbcb,23222,HILLMAN INSURANCE BROKERS
ff652ea8-25ba-490b-bfe1-94b88da04c80,23253,HINCKLEY INSURANCE SERVICES
e8e3d835-3a89-4d43-9fbe-c09e4a568ca7,22699,HINTS INSURANCE SERVICES LTD
ed25e428-8716-4461-a7a7-7530842e81df,84022,HOLLAND (GLASGOW) INSURANCE BROKERS LTD
1a8606f3-14c1-4a61-ac54-aed3e902c5f7,21652,HOLLIDAY & PICKUP INSURANCES
0613ef49-ea29-4cd2-860d-79d7c7ae4ca1,23173,"HOME MATTERS (B, C + M) LTD"
da7a5d33-8fbb-47a1-b983-91c88d26636e,21974,HORROX CROSS AND WILKINSON LIMITED
f9cb392b-e45e-4be3-830d-c995c6af596f,75682,HORSHAM INSURANCE BROKERS LTD
5463ed23-2af2-4796-8cae-4d3235c0b038,23088,HOWARD INSURANCE SERVICES LTD
96f016c4-2c0e-4e55-bf46-d66054d7c975,75837,HOWDEN UK BROKERS LIMITED
95d1334e-60da-4288-b0a4-e17899be62de,22745,HOWDEN UK BROKERS LIMITED
3866a886-89fc-4ec4-9ec9-17ff294bcd34,22440,HOWDEN UK BROKERS LIMITED (EX A J INSURANCE SERVIC
7b27b0d1-8f96-4de5-9530-c92fc8b5b498,22986,HOWDEN UK BROKERS LIMITED T/A MAINSTAY INSURANCE
5474ea00-f2f1-4484-87c9-67a0e04665aa,22701,HOWDEN UK BROKERS LIMITED T/A PLESTER GROUP
0d8b178d-e699-4e61-8e62-48349fac02d6,21641,HOWDEN UK BROKERS LIMITED T/A REICH INSURANCE BROK
6e6aa93d-4bfb-46f3-aa36-79aecca43d91,75877,HOWE MAXTED GROUP LTD
0509004d-30c9-456f-a5a2-b0bdca462e94,22983,HOWELL INSURANCE SERVICES LTD
834a7830-d80a-40db-af17-1e449c843f11,23279,HUDSON FOSTER LLP
df953503-e76c-45fd-9782-1a2792eb2c8e,23306,HUGH J BOSWELL LIMITED
b590a79c-dc27-4bb9-82fc-23a06c86db3d,87911,HUGH J BOSWELL LTD TA SAFFRON INS
ffdfed72-49eb-41ab-82cf-b53fea9b06ea,75688,HUGHES INSURANCE SERVICES LTD
e9b1c09c-0d82-44c1-8420-9ad0e25a585f,22009,HYDE INSURANCE SERVICES (IAN HYDE T/A)
a46c9698-4721-4b57-8c8b-b5d6abda8ca8,87811,I G JUKES - NORTH WARWICK
8e5a8b16-2883-43b7-b152-e150322b43f1,22084,ILLINGWORTH MCNAIR LTD T/A ILLINGWORTH MCNAIR
3537c0fd-2253-45a2-b5e4-e3e36770c4ba,23120,IMPACT INSURANCE SERVICES (BOLTON) LTD
94d83b82-81a6-4c5f-9385-1715918a4913,22298,INDEPENDENT INSURANCE BUREAU
b57112d1-3dd1-4fe4-9efd-924f2739c675,21249,INDEPENDENT INSURANCE BUREAU LTD
7c04b7d9-f918-4ef6-84c0-99a57d75ce8c,21257,INDEPENDENT INSURANCE BUREAU LTD
ae3f4184-2e49-4900-acdf-00fbb7c3ccc8,86294,INSURANCE 4U SERVICES LTD
dc39fd37-c8cd-4c5b-af5f-7e8c791d76d0,90430,INSURANCE EXPERTS LTD
15826363-0a5f-4c0a-9535-cc071a7b4133,21839,INSURANCE FACTORY LTD T/A INSURANCE CHOICE
377ae195-7264-4901-a95e-446efd813a9d,22541,INSURANCE FACTORY T/A LANCASTER INSURANCE SERVICES
6c2a9000-c3eb-4a7e-a56a-e0896640dde2,23068,INSURANCE FACTORY T/A MASTERQUOTE
900199aa-a6d7-4a71-ad89-22d528d40954,75698,INSURANCE SERVICES SURREY
3c47ef5b-1bab-4a7e-930c-39763522f653,92764,INSURD
c287d486-8ba5-4e98-9a8e-9da1349dccf4,21918,INSURE 365 LIMITED
db4b5278-e1a7-4252-91fc-1b3875b1bed7,22252,INSURE SMART LIMITED
a3ea5fb1-76c8-4781-b7e6-3ff6a7722217,22765,INSURE TAXI (COUNTY INSURANCE CONSULTANTS LTD T/A)
3ed76d53-6839-440f-9225-f25a50720a72,23231,INSURELINE UK LTD T/A INSURELINE
2422f427-7024-48d8-b58c-d309b0737337,21964,INVICTA INSURANCE SERVICES LIMITED
76242a6b-9658-4194-8257-5c16881a2997,90900,J & J INSURANCE & FINANCIAL CONSULTANTS LTD
e5cc3f1b-345d-4599-975d-89b096df3477,21669,J & W WEBSTER & CO LTD
a497cb48-e251-4372-b7a6-402f82b0ab3b,21963,J BENNETT & SON INSURANCE BROKERS LTD
64c1cc1b-6449-4f61-8e43-5641b8e25e90,22052,J C B INSURANCE SERVICES LTD
18c8863c-b138-48cb-8ecf-26f5fe7cf2ac,23183,J CAULFIELD & CO LTD
3edcc85f-4652-47f7-87a6-8bded5a12266,21726,J E SILLS & SONS LTD
3e0af0cd-420d-4bfd-ad1e-86edec156f46,85452,J HATTY & CO
ad123d9f-8298-4807-8188-3f7bfcd44f2b,85682,J HATTY & CO
eb99478e-3657-4271-af01-cf89d5ca2d03,22456,J ILLINGWORTH & CO LTD T/A ILLINGWORTHS INSURANCE
fdbbdf63-af19-498d-b867-946e66fe975d,23175,J J BALLANTINE & CO
160a23fe-3ed2-46c4-85ba-9652e6a90306,21583,J M GLENDINNING (INSURANCE BROKERS) NORTH YORKSHIR
6d4c431c-60ac-4cac-9c59-997270f30b99,23230,J M GLENDINNING (INSURANCE BROKERS) NORTH YORKSHIR
3150c29a-b78f-41ad-9a2e-bb70132f1270,23273,J M GLENDINNING INSURANCE BROKERS
a004e5b2-1d2c-4fda-b80c-4f25b85f1fb8,23218,J M GLENDINNING INSURANCE BROKERS (EX PREMIER CHOI
708623b5-a28e-4bce-a122-42d3cb13d269,22295,J N CHAMBERS LTD
29f82d5f-0395-4fc6-b38f-beb2b983ae3f,22302,J N CHAMBERS LTD
9ba443a9-40f1-425e-8ef9-e92dd5bfc5ef,22015,J R STEPHENS LTD
85bc77d0-382f-4507-aba6-50f58e0a796f,23299,J STONIER & SON T/AS STONIER INSURANCE
8ee7a547-7e13-40ee-89af-eaa236f5f1a1,21655,J T MIDDLEBROOK INSURANCE BROKERS
1b30946b-6d79-40f3-8aaa-7bc2a0fc8bd7,84274,J WILLEY & CO LTD
106f2a8b-73cb-4a1f-bc80-4432f9ce2ee0,85867,J WILLEY & CO LTD
c9329e91-8dc8-4540-aaff-6900c7702624,87969,JACK JOY INSURANCE LTD
686201aa-d31a-46cd-aeb5-3d3b40400caf,21992,JAMES & BROWNE (INSURANCE BROKERS) LTD
2fe0eed5-573b-449b-a5ef-f47c34959de9,21428,JAMES & LINDSAY LTD
059c1a26-1f6d-47de-af51-69a787bcecec,22679,JAMES HALLAM LTD
b104f588-bdc6-40da-9647-f2fab36f2e34,22988,JAMES HALLAM LTD
ec35aafb-d05b-4c7d-a6fd-a1c1c16ce584,23091,JAMES HALLAM LTD
c123bb2f-1ce8-47e8-aba1-2db27b7391ef,75891,JAMES HALLAM LTD T/A RYAN INSURANCE GROUP
20821eb7-fe00-42f4-9075-89da41126776,23145,JAMES INSURANCE SERVICES LIMITED
213a59a1-977e-4197-8c50-1548d26138ab,22481,JCI (NORTH WEST) LTD T/A CHADWICK INSURANCES
455e6813-a184-4a7f-9bd5-00f010ba672d,23179,JELF
1ce7c289-eafd-4fee-894b-537cdddfbd8c,85453,JEQUIER NEWITT INSURANCE BROKERS LTD
9b75c049-065d-4f41-a945-634d7be252de,21684,JESTON INSURANCE BROKERS LTD
c93ea04b-23ee-42c3-9b99-aa0ee0fd0d16,23115,JG MCNICHOLL LIMITED
daeb4ace-1134-44b5-964c-964e55cb4f85,23316,JIGSAW INSURANCE PLC
ea29ef3c-7854-48f9-bb1b-0d5e35893cc2,21780,JIM BLAIR INSURANCES
4e713c86-204a-4591-9c4b-cbfe23c16e94,22426,JOHN F WHIPPY & CO LTD
d9c0918b-9670-484b-8a42-59c8a8c94305,23191,JOHN F WHIPPY & CO LTD
5ae482bb-f91d-4d8e-bc4a-42998af94c26,22433,JOHN HENSHALL LTD
79d30891-fe46-4edb-b16f-638d9ac3744e,23133,JOHN HENSHALL LTD T/A BAYLISS & COOKE
7c9c46ad-5dad-4caa-8ff2-0d4868041a5e,90551,JOHN MCKAY (INSURANCE) LIMITED
27c7ab08-2c02-4de1-b83c-88a433386c40,23266,JOHN PATON (INSURANCE SERVICES) LTD
c7bad55f-4a55-4d27-b094-35efdb68b591,88050,JOHN PATON (INSURANCE SERVICES) T/A SUREPLAN INSUR
40651c2a-1f60-4081-99b6-eec2b4d45a32,88569,JOHN PATTON (INSURANCE SERVICES) LTD T/A SUREPLAN 
0857b96d-8bd3-443d-9511-5300ae696dd6,75888,JOHN RUSSELL INSURANCE SERVICES LTD
0bddbac4-bc0e-4279-9533-a5b0e03b21e8,22266,JOHN WALKER INSURANCE LTD
3a08dd39-e77d-4a52-bd31-6028e3d39aa8,90137,JSW INSURANCE SERVICES (COUNTY INS CONS LTD T/A)
43d28101-7f37-4f99-8227-a5a4fa4ed376,21507,JSW INSURANCE SERVICES (COUNTY INS CONS LTD T/A)
89e5cce5-eeb7-4614-91f1-f0b49d2d034c,22493,JSW INSURANCE SERVICES (COUNTY INS CONS LTD TA)
bdb993b5-b1ef-4351-9ffe-4ed76a3c3a7a,75718,JUKES INSURANCE BROKERS
b1f6f017-d8c6-4626-8d8d-f8c5986b39e4,23357,JULIE PRICE & CO LTD
d1f980f3-4673-4f31-a531-2a927a52490f,22852,JUST MOTOR INSURANCE (CAROLE NASH INS CONS LTD T/A
c3346fa3-04bc-4a51-808c-c6bd08f22038,89250,K BURTON & SON LTD
1df23817-60d5-4e62-8229-7d8c784cb44f,21694,K C PETTENER & CO. LTD
fad99c6d-7448-40f9-8e3c-72a050935add,84596,K D INSURANCE BROKERS
044b9b94-4c04-444d-ba57-2dd3296aec49,22430,K D INSURANCE BROKERS
2c0a0f0c-c66e-442f-af6d-90cdb315b5a5,92661,K D MEADOWS & ASSOCIATES
72e75c75-8752-4e7d-b34a-ba3404ad1b13,22102,K F S INSURANCE ADVISERS (KFSI LTD T/A)
683d8ad1-1de6-49c7-b5b7-616c8de9c7af,75730,K G J INSURANCE BROKERS (STOURBRIDGE) LTD
4cd19ea8-cb08-48d8-b800-2f2dd217126f,86665,K J HERBERT (INSURANCE SERVICES) LTD
65b065ce-4d0c-4f80-8d71-faabba8b7b60,21932,K S L THOMAS & COMPANY LIMITED
be30df7d-68eb-4d39-ac77-6520e063c068,75436,KDH INSURANCE BROKERS LTD T/A BEACH INSURANCE
7039ab37-c357-4d4c-9a25-4b5d6af24b66,23105,KEITH MICHAELS PLC
79445ac5-e534-411d-8d7a-3f7c08a7d414,22649,KENNETT INSURANCE
33097d65-cbd6-437b-a2c2-ea39ac33d0d3,85810,KERR HENDERSON (GENERAL INSURANCE SERVICES) LTD
891e712e-e3fa-45d6-aef8-5c2e53757c51,22428,KESTREL INSURANCE
001b3ab7-3638-4d6d-8057-263063f65203,22042,KESTREL INSURANCE SERVICES LTD (BRANCH 00)
81b6c739-af3e-4921-a9a8-be3204217716,22043,KESTREL INSURANCE SERVICES LTD (BRANCH 01)
7d169571-d88b-48d7-a008-2ddafb5cf1f0,22044,KESTREL INSURANCE SERVICES LTD (BRANCH 02)
d1f09b3a-0402-48f9-953a-6100e2e4b7a4,92970,KGJ INSURANCE SERVICES LTD
830f2377-6852-4de4-8fa9-6a5b6977607b,21943,KIMBERWORTH INSURANCE BUREAU LTD
b9782d8e-cd25-4aaa-b5e7-82d60f59f243,23060,KLF INSURANCE BROKERS LIMITED
731646dc-a79c-493f-86dd-c120ca485281,23324,KUDOS BROKERS LIMITED
073df3ae-81b3-4172-b638-51c12a3cff40,75892,KUDOS BROKERS LTD (EX RYBURNE) RUNOFF
3cdf515f-3eec-403e-a741-ab862c24a2ed,22770,L WOOD & CO LTD
3315ebc0-84a1-4998-9511-821515823c9d,22064,LAGROVE INSURANCE BROKERS LTD
1fdd2cc9-a9a5-435e-8286-73251d5e3275,22461,LANCASTER INSURANCE SERVICES
2ae60fee-f27c-4262-b14a-ece61ad7733d,22395,LANGLEY AGENTS (CROOK) LTD
9d3e5f9d-e8e5-4736-8c36-746b7f587499,23332,LANGLEY AGENTS (CROOK) LTD
23d8035b-1b01-496f-b2f1-0ebac0c169f9,87992,LANSDOWNE WOODWARD LTD (BOURNEMOUTH)
41eeb8d3-34a0-4899-bd5d-7c279ac1ec3c,86422,LAURIE ROSS INSURANCE
7bc2ead3-8045-4b62-9b8f-26e08b9e4602,86428,LAURIE ROSS INSURANCE
ecce21f7-052a-4106-b4b8-fc8dce03f2e7,86445,LAURIE ROSS INSURANCE
d374d4ad-e4df-48da-97c4-a6c964e5ec86,86446,LAURIE ROSS INSURANCE
936a9d1f-e08a-428e-9a8a-a34b78fd3e7d,86448,LAURIE ROSS INSURANCE
5d292608-26a4-45d3-9fda-039fca0d65e9,23232,LAURIE ROSS INSURANCE
f6ac0d4c-2c94-4b99-8eec-3685ef315597,75775,LESLIE B HOLMES (SECURITIES) LTD T/A LBH INSURANCE
2909909b-fb87-416b-a6f6-24fd6ee0774c,85617,LESLIE B HOLMES (SECURITIES) LTD T/A LBH INSURANCE
96ed8f48-e428-4eea-869c-c1c4d6799e33,22289,LIFESURE GROUP LTD
8fc4b6df-9239-47bf-bdfb-83f038b14a9e,23074,LIFESURE GROUP LTD
6e261537-423c-46d1-9065-274d4d7b8526,23096,LLOYD & WHYTE COMMUNTIY BROKING LTD T/A JO PAVEY I
bfeda26c-8019-41ec-9946-8802b23201cf,21704,LLOYD & WHYTE LIMITED
2a95b9ea-4b3b-48f2-b28f-eda6cf68ea94,23255,LLOYD & WHYTE LIMITED
323a48d9-3977-435c-a8f4-198691af966f,23101,LLOYD LATCHFORD GROUP LTD
96f49ffb-07c5-4e8c-ae6d-e7aa05afc835,23106,LLOYD LATCHFORD GROUP LTD
5c7caee6-c3fe-4238-b319-e92510e2ac90,23107,LLOYD LATCHFORD GROUP LTD
2e575ffa-9d76-4cc1-be37-eb7fdf00063a,23065,M & M GENERAL INSURANCES LTD
eb543b99-172e-47af-8d3f-636f81f5798e,22505,M & N INSURANCE SERVICE LTD
fd1fb0e9-a03f-4840-9c8c-75e46aa451bd,23287,M C ASSIST SPECIALIST BROKERS LTD
68a0c550-2573-4058-8628-9dd4b98e9220,75793,M E M INSURANCE BROKERS LTD
338122ee-87ff-4507-8285-5d3e5a377252,76458,M E M INSURANCE BROKERS LTD
43c6a80b-9408-4a00-bc34-1a930adada93,76461,M E M INSURANCE BROKERS LTD
0c4378b4-e6cd-4d82-80e3-f91c2d2bab30,83891,M E M INSURANCE BROKERS LTD
f2cd5eb2-3955-49c7-a75a-0292d50a6ace,76116,M E M INSURANCE BROKERS LTD (CAB)
622644a9-0a55-4896-a13d-c6201e0af41f,23159,M R BLOOR & COMPANY
5407cd24-54fd-4e33-9b67-a0149d8bf1cb,84207,M R INSURANCE SERVICES
7c5ef9d9-5d29-4cfa-b75a-59b312e1f2fc,91628,M TAHIR & CO
5754d282-990c-444e-b536-c73ae352f408,87537,M THURLOW & CO (INSURANCE) BROKERS
076cbdd3-c73e-4dbe-a60b-0690bc0da537,21153,M3W LIMITED
183b1dab-ea49-43c0-a1f5-9e132217d3cf,22229,MACBETH & CO INSURANCE BROKERS
ce2b5ea1-cf6f-4ab6-9487-48ec2fcb7bf4,91245,MACBETH SCOTT & CO LTD
ba55f45b-d34f-411c-9cde-33354325af38,22396,MACDONALD GROUP
17ced8ef-080b-44aa-a8f5-7f7e2b768c9f,23043,MACDONALD GROUP
3dcca304-041b-4e44-a8fe-d6d7fd289d07,21509,MACDONALD GROUP T/A MACLEOD INS SVS
7241098b-de84-4bf1-9397-65e507f4fb05,91960,MADOC & RHODES LTD
ab3a7db8-19b0-4b54-9a8c-c305e2de8f81,22444,MAGNET INSURANCE SERVICES LTD
06819400-daa0-4ab8-b177-224c7737ae9a,23247,MAPPS MORTGAGE & INSURANCE LTD
8a4e6b47-7033-4287-ac89-96143cc77f47,21904,MARK RICHARD (BROKERS) LTD
3e73bae9-485b-48ec-b3e0-b90b2c6f0b9e,21906,MARK RICHARD (BROKERS) LTD
2adbfcbb-3853-4ce6-ae85-90a6be6f746d,21907,MARK RICHARD (BROKERS) LTD
d1999162-c7c9-41ac-8390-1d94a0349e41,21908,MARK RICHARD (BROKERS) LTD
e6323215-ad70-4bb8-a9ce-a51d7ebff11a,91640,MARTIN KEMP INSURANCE SERVICES
524e4c47-cae2-443f-95cb-f1beabe7671e,23296,MARTIN KEMP INSURANCE SERVICES
602780d8-65bc-4628-9c65-54e40c441b56,22394,MAYNARD MILTON INSURANCE SERVICES LLP
52f3cd1b-6897-4942-a0f3-1de78bc8825b,75783,MCCARROLL MCCONNELL & COMPANY
7c2275e3-ab04-444f-ba27-33720be115ae,76119,MCCUMISKEY & COMPANY
3ec75a42-65d9-4011-9c6f-97ebe7738a44,75786,MCGRADY INSURANCE
9ec0ebfd-e9ce-4d03-a8ea-4a6b50f6d7d5,91635,MCL INSURETECH LTD
fc175c2e-ab21-4b57-8834-b1af3eb4169a,21700,MELVILLE BURBAGE INSURANCE SERVICES LTD
fb281a74-da38-4bca-bcb4-388c28f64e4d,21916,MELVILLE BURBAGE T/A MELKSHAM INSRUANCE
3de40c03-be75-4edb-8dc1-ec0655644728,75794,MERCER JONES & CO LTD
cfc9c16f-a388-4b8a-9d6f-6a43ea69545f,89594,MERENDA & COMPANY LTD
22dd72cb-29d9-445e-a279-aad3d2713018,86356,MERMAID INSURANCE
d050c35a-bc16-4f4d-b713-32a9f73397d3,22315,MERRICK HILL (COMMERCIAL) LTD
563efede-635e-4b19-8364-0cf64ab38672,22853,MIDDLETON INSURANCE SERVICES LIMITED
ea9c2b19-6f98-4fe9-90fa-46e9c444b7e4,87805,MIDLAND INSURANCE CONSULTANTS
5c3555d8-7504-4c53-ba42-84e788ae3128,23292,MIDLAND INSURANCE CONSULTANTS
e57c3323-041c-4b0f-8477-5a0d260d4901,23127,MILESTONE INSURANCE CONSULTANTS
53411d97-3db8-4edf-af16-7d6a9fa1f4de,22435,MILESTONE INSURANCE CONSULTANTS LTD
af0b1dc3-b826-4638-b8e9-c5d2cb8e7df1,89709,MILNE FRIEND & PARTNERS
4b63ee59-4b49-406d-b07c-42f092b27314,22489,MONEYWISE INVESTMENTS PLC
324cc685-8879-4f96-a4cb-b6c620e1f6c5,23290,MOORHOUSE GROUP LTD T/A CONSTRUCTAQUOTE.COM
fb5c2705-75e4-42bb-b90a-ca41a634983a,85922,MORTON INSURANCE BROKERS
8e14a591-bfc1-4777-95d8-26c7c1c56601,22898,MOTOR DIRECT - OXFORD
6989d50f-749f-405b-9eb8-5de76534483e,23330,MOTORVISION
0eeab11a-bebd-4216-9ce1-58580a9f5774,89321,MOTTS GODWIN INSURANCE SERVICES
f989a4fd-50bb-4c4d-b532-e9f28d23da13,23176,MUNRO GREENHALGH LTD
738e2284-97b8-4714-9be8-b662f67cc49a,21009,N R DAWS INSURANCE CONSULTANTS LTD
22a942cb-d9ce-4fae-90c1-1daff63231ac,23289,NASH WARREN INSURANCE SERVICES LIMITED
0d77f2ff-43e3-4b8b-a05d-6c98a789f33a,23341,NCI INSURANCE SERVICES LTD T/A JIGSAW INSURANCE
f8b8198b-4bea-462a-9bd8-5422795bff62,89208,NEED TO INSURE LTD
f922e781-5337-4516-ac26-f6c089ad1cd0,91097,NEEDHAM INSURANCE SERVICES (RINGSITE LTD T/A)
9c647b25-0e96-4e87-881a-6db7be90bf1c,21806,NELSON JORDAN AND COMPANY
0d14d5eb-9941-4741-9a2c-de3d76ded855,22380,NEVETT AND TAYLOR LTD
799ff85c-f1f7-46aa-905b-3b60ee3fda2e,23301,NEXT RISK SOLUTIONS LIMITED T/A QUOTE DETECTIVE
1d71e9ac-b9eb-4c3b-85a0-51e5bb8a9b47,21691,NIMMOS OF CLACTON LTD
fbb9cc2e-faa2-4d89-ae8b-edc72c470942,23310,NORTON INSURANCE BROKERS LTD
b22e7b44-19bb-480b-9ad0-08b94bc0fbda,23338,NOWELL & RICHARDS INSURANCE SERVICES LIMITED
db0fffe5-4b51-44ea-966e-072c521849de,75819,OAKES INSURANCE CONSULTANTS
34b06d49-5012-4a05-9863-bd14ab5a03d8,22072,OAKLAND INSURANCE SERVICES (MARTIN JAMES CHILD T/A
cea349df-eaca-48c0-b78e-ceb1c2f27927,21393,OAKLAND INSURANCE SERVICES LTD
75177092-252f-484c-af06-525c4e534896,23037,OKEEFE INSURANCES
aa8740df-de9a-4773-ac74-637c78581a2b,76428,OLD OAK INSURANCE BROKERS LTD
806e38b5-4807-41da-9136-94abd9fef2ae,76464,OLD OAK INSURANCE BROKERS LTD
1270a4f0-9dd1-49d3-ae3d-8135b0a6279d,76465,OLD OAK INSURANCE BROKERS LTD
07e3cf9a-daca-47ce-9572-432f01592ae1,76467,OLD OAK INSURANCE BROKERS LTD (HAVERFORD)
db12e5f6-6b18-40d9-b501-ae93db13dfb1,84671,OMNI (BROKERS) LTD
9e3078ba-2a85-43a7-a10a-f129b11b7953,23036,ONE BROKER (CAMBRIDGE) LTD
fcc4b8a0-f72a-4898-9bc1-db6c7d78d49d,22360,ONE SURE INSURANCE LIMITED
d1fb12f9-cea7-4252-8a15-ce03cb7e7d2e,23294,OPEN COMPARISON BROKING LIMITED
1a15b3f0-01d9-4f8b-b5e5-e6171c6a6c98,22073,OSBORNE & SONS (INSURANCE CONSULTANTS) LTD
526d353a-144b-444c-9f12-33cbef1e3b5f,91791,OWEN & EWING INSURANCE BROKERS LTD
0f037fd5-2028-44a3-b722-898e30da4a9e,23256,P & C (INSURANCE BROKERS) LTD
35a7dea7-7648-45f6-bcff-6c12dd04db8a,23228,P & W INSURANCE GROUP
c3be252e-2a97-477c-9a0a-43957d3de034,89682,P B CURRAN & CO (YORK) LTD
7a3a051e-e900-4932-a177-c266105cdea6,75936,P F SPARE (1962) LTD
a1eb7f4d-e8c2-4dce-b463-5f362439f649,23158,P J AIKEN (INSURANCE SERVICES) LTD
43902766-9b65-46e4-8fd6-06fdbf076553,23242,P JENKINS & CO (INSURANCE CONSULTANTS) LTD
89a28aa0-107e-4a80-8819-84a68c5b6e7a,22992,PARK INSURANCE SERVICES
edf43ac8-20ff-4ffc-9cbc-2e2db2ce85e6,23143,PARK PLACE INSURANCE SERVICES LTD
1974bb2b-bd04-4297-a9a5-e68174980289,23160,PARKSIDE INSURANCE
4f868aa3-7de4-4f8f-9aa4-344477f46525,23248,PARKWAY INSURANCE LTD
427ab6f7-e7ba-42f5-a0f1-586aa2220407,23188,PAUL BROAD T/A ELITE INSURANCE SERVICES
130c9fb1-5d22-4838-aabb-67a83995e6c6,23104,PAUL RIGG T/AS CALDER VALLEY COMMERCIAL SERVICES
7fd95c03-222a-46f8-9b3c-0ffc82c83da6,22057,PAUL SMITH ASSOCIATES (MR PAUL SMITH T/A)
ade74b70-bcbf-46fd-b4e1-1f39f7691180,23308,PEART PERFORMANCE MARQUE LIMITED
921346c2-bf5f-4f2e-8729-c42b1b72bace,23342,PEART PERFORMANCE MARQUE LIMITED
335e748b-f0f0-4047-8d95-6b3edbc1e4c2,22827,PENGUIN INSURANCE SERVICES LIMITED
c92b6ca6-0ec5-430c-87ac-292ff3c73633,22508,PENK INSURANCE SERVICES LTD
efa6edd9-24a0-43ec-9a46-0a3f545d7c42,75833,PENNINGTON INSURANCE BROKERS LTD
04c1bc9a-1b3e-446c-a90b-5245d789caa2,76409,PENNINGTON INSURANCE BROKERS LTD
0a484cf5-57a0-4879-80f3-5e9aeee58d68,22700,PETER BEBB T/A PETER BEBB & CO
b0ac28c7-69f2-486f-8cd8-caaee9aac7d5,23078,PETER BEST INSURANCE
2f16965e-c42b-42fd-8313-2e15dafe0c56,88051,PETER BEST INSURANCE SERVICES LTD
22337237-e04e-4ac6-a611-800c71b63a76,90127,PETER MCALEER LTD
8aa99583-200c-4d00-9c58-d660de790eb6,21662,PHAKEY & PARTNERS LTD
bbc2a4ee-f9ac-44a2-9d17-82c6fdd3e0d0,21111,PHIL DUNSDON INSURANCE SERVICES LTD T/A PDI INSURA
6090f1df-89f6-4984-9624-8b42653744c1,23249,PHJ MITCHEM ASC LTD
9dcba22c-2316-4ba5-a1db-3c534e30cd49,84613,PHOENIX INSURANCE CONSULTANTS
636c072a-759f-4cea-8da1-1d11519d6808,23094,PIB INSURANCE BROKERS T/A JRT INSURANCE BROKERS
950056f1-bf46-4003-a1de-b298f84e3f21,75591,PIB RISK SERVICES LTD (HEDNESFORD)
5a025bb7-9cbd-450f-8f69-149615d9638b,23233,POLICY EXCESS INSURE T/A NOVA DIRECT
bfe87c1c-7a71-4785-8ad6-bc513d4efa66,23187,POLICYWISE LTD
b1736db8-accc-4e06-9ecc-8b764c07424c,23245,PREMIA SOLUTIONS LTD
aaadee5c-37b6-4a63-9623-700b8e0463a2,22645,PREMIER INSURANCE CENTRE LTD
e16b7320-3752-4fdf-a58e-0a4a4feb2a0a,22764,PREMIUM CHOICE LTD
282fc254-4080-408b-a827-cb5f71afb0cc,76456,PRIORY INSURANCE BROKERS LTD
63b9d0fb-a916-4c0d-ad86-5164adc52cdc,76455,PRIORY INSURANCE BROKERS LTD (NORWICH)
cc5e0bff-f09f-46f0-97cb-7f478d85608d,23313,PSC INSURANCE BROKERS LTD T/A ABSOLUTE INSURANCE
debbf37d-c3cd-4eea-a78e-9981cf2bd9c6,23312,PSC INSURANCE BROKERS T/A TRUST INSURANCE
58e17f88-7a51-4d5a-974a-8d3f0f7f8521,23314,PSC UK INSURANCE BROKERS LTD T/A ABACO INSURANCE
faa68dff-3ce3-4bbc-976f-b0de2c01ad69,22333,PSC UK INSURANCE BROKERS LTD TA ABSOLUTE INSURANCE
c120925b-937b-43bb-b16e-74acaf7b01a6,22824,PSP INSURANCE & FINANCIAL SOLUTIONS LTD
b12abd3f-5473-4fde-b26d-a04b2a6aff98,23076,PSP INSURANCE T/A MIKE WILLIAMS INSURANCE
bc294676-4529-43ff-8175-5ce0a9559f29,91730,QUENTIN L JONES
f90697be-5961-4eab-9571-11a4d60d5d76,23365,QUICK QUOTE INSURANCE SERVICES LTD - ABERDARE
726d5fcf-d7ad-40c7-a05f-b8687e6e3f3c,23366,QUICK QUOTE INSURANCE SERVICES LTD - BRIDGEND
c322319c-04a0-4b6a-ab1b-a9bf84f763a8,23364,QUICK QUOTE INSURANCE SERVICES LTD - DIRECT
d5fa63fe-d7fb-4ac7-9fbd-8aed0b5eb28d,23367,QUICK QUOTE INSURANCE SERVICES LTD - PONTY
8f1c83c0-6486-4ee0-b9fc-f48ea772fbdd,23362,QUICK QUOTE INSURANCE SERVICES LTD - PORT TALBOT
fcabb292-e365-4902-bc81-db07f241e62d,22046,QUOTE US (RAJA A HUSSAIN T/A)
31d6281e-7ef8-4ab4-bfb4-22f0be5b1e7b,83582,QUOTELINE DIRECT
6eb74022-474c-4fc3-ac8c-77d23a668e04,91542,QUOTELINE DIRECT
731da889-f4c6-4299-9f4e-0f908118a42e,21482,QUOTELINE DIRECT
bb694320-c2b3-4a00-a4c7-2d48380d29a5,21935,QUOTELINE DIRECT
fe63e8bf-fc28-44c7-b72b-910b7a6e8da2,22358,R A COWEN & PARTNERS LTD T/A INSURE4YOUR.COM
6816b56f-a081-40c5-95e3-de27ed8d1862,75926,R B SMEDLEY INSURANCE BROKERS
49e8d7ac-11e3-46d3-b1ed-6ad2e83fa547,81415,R COLLINS & CO LTD T/A LAGENTIUM INSURANCE BROKERS
5a253627-77fc-4d4e-992f-d80213bbe842,22727,R D WILLIAMS CYF
3987796b-add8-4ca1-8d67-083a6dc90497,75687,R H HUGHES INSURANCE SERVICES
e8d68583-0b60-460a-b815-6401ac95751c,92142,R JONES INSURANCE BROKERS LTD
c53c6728-506b-40c3-a5bd-b439beda9e8c,21991,R K HENSHALL INSURANCE
623b9dd5-0c0b-4abb-a1f7-d9d0f7f0d90c,23317,R K HENSHALL INSURANCE
3b92ac64-90fd-4fd0-8c45-875df77bab37,22867,R T WATERS LTD
54fb9835-0933-419a-818d-606484ff23b5,23297,R TODD INSURANCE SERVICES LTD
850a142e-f083-4c3f-a69a-3689fd47c41d,75854,RAGARFIELD LTD
b4f7fa9f-998d-4ba4-b486-39924c62abd4,21034,RALPH A RIGBY INSURANCE SERVICES LTD T/A RIGBY FIN
16b8e85f-0fb8-4c25-8589-af9136c2a7cd,23261,RAMASIS LTD
d8added8-cee0-485d-8ac9-cbb404bdcb1c,23097,RAY MILLARD INSURANCE BROKERS
b0cc215b-d5a5-45bb-b88c-33eba15b50e1,23275,RCIB - BENNETTS
edc83f5c-1af3-4c28-ac39-d07313a95f8a,23052,REDSTONE INSURANCE BROKERS LTD
25217219-f3c1-48f6-b483-ff1bc90ba3d3,23141,REES ASTLEY INSURANCE BROKERS LIMITED
ebc8a6f4-d078-4cb1-8d68-b00de0627661,23140,REES ASTLEY INSURANCE BROKERS LTD
318105d2-f25e-4cab-a0b3-0c91220ca271,23142,REES ASTLEY INSURANCE BROKERS LTD
d86332a5-1790-4bfd-b557-14c50833061c,22693,REG HAMBLY INSURANCE BROKERS LLP
1e63b18f-a14e-4a39-ae69-4586472fe1e9,22277,REGENCY FINANCIAL & INSURANCE SERVICES (REGENCY FI
629be2ef-788a-498a-ad95-e720a851e4c7,22342,RESOLUTE INSURANCE SERVICES
caf34b35-5aa1-474b-8c65-3db511d90915,23102,RESTORMEL INSURANCE SERVICES
543a1bba-9412-4a1a-801a-68ee909aa5ec,22600,RIA CONSULTING LTD T/A COVERSURE INSURANCE SERVICE
9d75cd99-24b6-4127-a267-25f09f2774cb,87169,RIBBLE INSURANCE SERVICE LTD
9f972eb4-da54-49e0-8e34-7a4af6f50b6f,88191,RIBBLE INSURANCE SERVICES LTD
ef88b83f-d916-481b-9c46-fe1a2cf90d44,23278,RICHARD BAMBER & COMPANY (MORTGAGES LTD)
1a061785-d7cb-45a6-9ea9-a06253686cd3,84128,RICHARD KEEN (INSURANCE BROKERS) LTD
e1786c45-f780-4668-b0a8-9003a3856e25,21887,RICHARD TIDBALL INSURANCE SERVICE
c5fa7bbf-a2c7-407e-a13e-da620ea650a4,23265,RIGHT CHOICE INSURANCE BROKERS
3a850981-7e37-429d-bac0-3c51493cc9e1,23280,RIGHT CHOICE INSURANCE BROKERS
061a186f-844c-431d-8eb0-88ed59033262,21545,RIGHT CHOICE INSURANCE BROKERS LIMITED
7e1f74f6-0d11-480d-8a01-7415baf7a878,22673,RINGSITE LIMITED T/A P J INSURANCE BROKERS
dd6b7e63-13ab-48de-92ca-169c373f032a,23081,RIVIERA INSURANCE SERVICES LTD
a194981a-a8dd-4d8e-a140-57f336273486,92992,ROBERT ARTHUR DAVIES LTD
7e8dea59-ee28-49d0-aba4-7278a350d7af,75625,ROBERT GERRARD & CO LTD
2b990ff8-8b35-49eb-b571-0528be914976,23098,ROBERT J GOODSON LTD
db237fb8-3c14-4a09-9c61-01e003323ed8,22703,ROBERT SPRAY INSURANCE SERVICES LTD
85cefbe1-5ec8-4b91-9e81-3584e310e891,23071,ROBINS ROW LTD
05dd9d72-2f32-4523-a178-37d63b464d6d,23326,ROBINS ROW LTD
9f1c6193-156f-4638-af77-f91a421b688a,76042,ROBINS ROW LTD (EX WORRELL FRY) - PREMIER
f10ec0ab-2f28-413d-93b1-b8dde50cb86c,22844,ROLAND WARD & PARTNERS LTD
50d61146-dab6-4f13-8a9f-5087ca39ac49,21982,ROLLINSON SMITH & CO LTD
a90eb27d-7a32-4273-a492-4f32bee910b8,22251,ROMERO INSURANCE BROKERS LTD
096dc683-b395-4f03-a8b2-fc33e478a62b,21664,ROTHERHAM INSURANCE BROKERS
051eacec-7ccd-46cf-9907-64b48a6fc9cb,23184,ROUTEN CHAPLIN & PARTNERS
e7a20ba1-0e44-4577-a367-9dbaaac84ba2,21701,ROWETT INSURANCE BROKING GROUP
84dba078-116a-4475-af14-61a59b95aa6e,22991,ROWLANDS & HAMES INSURANCE BROKERS LTD
bc67e3c3-2ae3-4445-97e3-429e41d88822,22080,ROYLE INSURANCE CONSULTANTS (STENFAX LTD T/A)
78daa0da-1b6a-4b4e-9dc4-f68b41376d7b,23283,RS INSURANCE BROKERS LTD
d52de3f3-b39d-4869-b1e0-08cac78dcb61,75889,RUSSELL MEERS & GILL LLP
b9ecf99d-8447-4a2f-af68-31f42f2e7999,22492,RYAN INSURANCE GROUP
b4d2f0f6-6cc9-46e1-9ba8-03679bf42585,22566,S & J PALMER LTD T/A COVERSURE INSURANCE SERVICES 
8594a8d2-74f4-4bfd-b5e0-2bd167bf0df3,75493,S G BUSBY LTD
3e0413fe-6bbb-4ce6-b090-56ffada8fd71,83125,S G BUSBY LTD
a1418b39-7374-4c99-8131-4559864ed8ed,91057,S J ADAMS & CO (INSURANCE) LTD
262da317-6868-4089-9b46-6f1f8051e270,91058,S J ADAMS & CO (INSURANCE) LTD
735c3e25-7905-497d-9522-78fd5e2dcb7e,22031,S M COMMERCIAL INSURANCE BROKERS LTD
0b8b0c22-bb96-4f13-86c5-2dfa3e72aea5,22022,SABRE HIND LTD T/A SABRE INSURANCE SERVICES
96e61dd2-2fee-48d1-b81c-bd522e526b12,22522,SAFE & SOUND INSURANCE CENTRE (COUNTY INS CONS LTD
93bc555c-d0c9-43f6-a497-408bea69037d,22233,SANCO INSURANCE CONSULTANTS LTD
e22f49eb-1ffa-4a6f-89ee-aefe5b3c8b91,22459,SANDHAM DAVIES & JONES LTD
b3c05804-d326-4c1c-bde9-81c628e8021d,22498,SANDRA TOMES T/A PEARSON INSURANCE SERVICES LIMITE
b2bb80fc-57a1-4c76-9479-e11812f5f371,92977,SAVAGE & HOLDSWORTH LTD
ea686617-5944-4bec-9d0e-d585654337a1,22377,SCRUTTON BLAND INSURANCE BROKERS LTD
1735aa38-04fe-4da0-a0da-373c4a12da20,23163,SEAWAY INSURANCE CONSULTANTS (GI) LTD
4091ab37-a0c4-4057-aaf5-21ec4e92d98f,23250,SELECT BROKERS LTD T/A SELECT INSURANCE
38f04b28-408f-41fd-9a05-216f77983a93,93137,SELLY OAK INSURANCE SERVICES LTD
3790274c-66ac-4d76-9df2-12d0c2563fa1,22088,SELTON & CO LTD
ad1f67a7-65b8-4187-aa35-07938a01a67f,89757,SHARROCK INSURANCE SERVICES LTD
8e5790c4-2a7b-4895-8792-f9fbbd77cf78,22786,SHEARWATER INSURANCE SERVICES LTD
ae41dd38-1102-43be-9e46-41124712581a,21498,SHERWIN INSURANCE SERVICES LTD
9da94c6c-975c-4115-8a5f-48ffeb6aef20,22441,SHIELD INSURANCE BROKERS LTD
6bab0949-6443-4b50-a1d6-c0c79ccd0be3,23349,SIGNIFICANT FINANCIAL LIMITED
3bd55a53-c47d-4380-9ab9-71899c24e47a,89764,SIMMONS GAINSFORD INSURANCE SOLUTIONS LTD
a39428cd-baca-43e6-aeb2-a00ab47b59de,23171,SIMPSON PARSONS INSURANCE CONSULTANTS LTD
aa15f5f7-5587-4343-b1b4-e2ba97fe6f6a,75935,SOUTH ESSEX INSURANCE BROKERS
4d570a3c-769b-4716-9222-3d7216cf6c5e,23049,SOUTH WEST BROKERS LTD T/A WESTINSURE PLYMOUTH
4727243f-5e33-4e69-a9c9-863ad3268832,23263,SPECIALIST BROKING RETAIL LIMITED
54cb07c1-4b83-4b3f-8eb1-0ed78d3d621c,75460,SPEDDING GOLDTHORPE (BROKERS) LTD - BNL
c1969c76-4936-40c6-b4af-3bf1118a9097,86506,SPIRE INSURANCE SERVICES (CHESTERFIELD) LTD T/A SP
c3c4317f-a3c5-4d94-8886-4f9eb7b6e0b4,92058,SR INSURANCE SERVICES LTD
f20e580b-90ed-4e75-9249-1a7041e48711,21602,STACKHOUSE POLAND LTD
80d6140c-6068-4a54-ba0b-9d1e0b3a9385,21860,STACKHOUSE POLAND LTD
86ce60bf-efc3-4dc3-a00d-b1a3365f8b56,22695,STACKHOUSE POLAND LTD (W BURCH)
26c97671-2108-4153-9f85-905a61cab4d1,23126,STANHOPE COOPER INSURANCE BROKERS LTD
1602e6b5-1007-45eb-a664-196e3b28f0c1,23235,STAVELEY HEAD
a1f96a69-8801-484c-830e-88699590500b,75941,STEADFAST INSURANCE BROKERS
0fd90fe2-53fd-4e17-af40-2c5a0efdcbf8,23148,S-TECH INSURANCE SERVICES LTD
11fa7b05-8bea-4a6c-bcfb-08f3f0010270,76462,STEPHEN BRENNAN INSURANCE BROKERS
40cd6289-50a4-4136-8a90-55b79d5fcaa1,22669,STEPHEN DANIEL CHILD T/A RIDING INSURANCE SERVICES
827fd5ec-8759-4d8d-bee9-0ad48de270f7,21028,STEWART MILLER MCCULLOCH & CO LTD
01f80f82-fdb7-4f3f-8b2d-981872a7ec94,23254,STONEHOUSE FINANCIAL SERVICES LTD
957f065d-d89f-44bb-8caa-de19cb9dfe04,23304,STUBBEN EDGE (RISK) LTD
db09cd88-6b06-40d8-a1cc-521d17123265,21995,SUMMERS AND CO
582a208c-28b9-4d9d-ba49-a38670a00711,22002,SUPER COVER
ea87b33f-13c5-4d4a-9fb1-8c32883a861a,21616,SUTCLIFFE INSURANCE BROKERS LTD
40d216a2-7923-46e3-81db-17dbe159c2cc,91105,SWANAGE INSURANCE BROKERS LTD
60347fac-298d-43ff-aff4-babdc754642e,22772,SWINTON INSURANCE - HOUSEHOLD
9988d589-dfc5-4846-b3f5-63d34a8115b8,22771,SWINTON INSURANCE - MOTOR
ebe588ff-3dcb-4c69-b3db-6762e6e4a7c6,22793,T & R DIRECT
d4716294-94f8-49cf-be86-ac24bcce354c,85748,T H MARCH & CO LTD
4420c458-18e3-4ff6-b7a7-905ce86282b2,75879,T OSCAR ROLLINS & CO LTD
3bd05e72-4529-4762-be2d-e4a62b386587,23227,T.I.C (UK) LTD
cf6adb3a-6965-49a2-94fa-ca73565a57c3,22077,TARIAN (YSWIRIANT) CYF
f702ea69-4829-4f4b-b5e4-2327e54a5688,23271,TEESSIDE INSURANCE CONSULTANTS LTD TA ERIMUS INSUR
6241ad5e-47c4-42ac-9da0-c4591e605fdf,22117,TEN INSURANCE SERVICES LTD
94499bf2-534a-4ebf-a8ac-ec841d3b3727,89463,THE A2 INSURANCE CENTRE
c52496ad-aed2-45a1-955d-be3749e70c70,23272,THE CIVIL SERVICE INSURANCE SOCIETY
1e664a6e-bf82-47a9-abf7-0180f2bba3c6,22465,THE ENTERPRISE NETWORK (TEN INSURANCE SERVICES LTD
0b5e897b-2a3e-4d33-8f20-e3cf58324ce7,93148,THE INSURANCE CENTRE
8d1b41e3-89a9-4460-b49c-3e25d7176332,22081,THE INSURANCE STORE
91395bff-fa8c-412d-a9da-ffa5a1ba9828,87157,THE SPERO PARTNERSHIP LTD T/A WILTON SPERO & PARTN
d07533ae-7e48-467d-8489-2b39004ce85f,85142,THE WATERHOUSE GROUP
3b1e4ff8-1e04-4d4d-803d-2bef1c3c4943,22253,THINK INSURANCE SERVICES LTD
f7860a37-218c-412d-915a-d6241b06e5c5,22276,THOMAS & CO INSURANCE BROKERS
645ca31c-ce87-453e-94ab-2b92dfde51ae,22655,THOMAS CARROLL (BROKERS) LTD
043f3463-b0fe-42dc-840e-3e154f4e23e2,75980,TONY TYLER INSURANCE SERVICES LTD
4c879e6d-d799-48f5-b99b-d2498dc5dac2,22275,TOP INSURANCE SERVICES
232b8fd7-00e7-4d3b-b7be-93bc39a5f71d,22035,TOP MARQUES INSURANCE (SPORTAUTO T/A)
12754ba0-f3bc-4d1f-aaa7-49f9bcd19309,22346,TOWN & COUNTRY FINANCIAL SERVICES (UK) LTD
5bf73c0f-badb-4ee9-b448-98785dd17239,86380,TOWNSEND (NEWTOWNARDS) LTD
8772d7ac-4c91-4206-9c4d-3b3456e12ff0,87380,TOWNSENDS INSURANCE BROKERS LTD
e1ed28c0-a37d-4449-96b2-5a5730864656,23328,TOWNSENDS INSURANCE BROKERS LTD
f7946e83-d80d-4507-bd68-1119572db76a,22469,TRADERS AND GENERAL INSURANCE SERVICES LTD
1ff6c703-dae3-4cba-a164-6c4c82e19ba2,22463,TRICAM INSURANCE SERVICES
4921f86f-62d3-4811-a523-8d39f6416c0b,76144,TUDOR HOUSE INSURANCE SERVICES LTD
5314b192-437c-41b7-a69d-dd3696252e99,21069,TUTTON BURNELL & COMPANY
b62dfb11-dcf0-480f-9da9-f867816e4b36,22855,TYSERS INSURANCE BROKERS LTD
2a56e7af-39e2-4bd8-a55a-3aa653f13e60,22856,TYSERS INSURANCE BROKERS LTD
8819a2e3-bda9-4414-9985-90d7f754a146,22857,TYSERS INSURANCE BROKERS LTD
e5ea9b6a-5bf5-4bf8-be0c-ee99cd644a7a,22858,TYSERS INSURANCE BROKERS LTD
6b3511c9-47a3-4699-9f87-a7c72af043f1,23333,UK AND IRELAND INSURANCE SERVICES LTD T/A COVER4IN
18930bc9-da9d-493c-8371-8c289cacdc7f,23216,UK INSURANCE SOLUTIONS LTD
c0ede304-7040-45d7-846c-2c942ce19f04,23323,UK SURE SERVICES LTD
eb4782ab-79c3-40e4-b049-6d17fe6bac04,22981,UNIQUE INSURANCE SERVICES LTD
912fc157-cb83-4d10-a186-9860aa0a0f02,76039,V WOODCOCK & CO INSURANCE LTD
96cbd11d-f5a0-4795-8c87-c48019a1db48,75984,VADIS INSURANCE BROKERS LTD
9ca15c2e-02df-494d-9196-cdaf46e534b8,23157,VANARAMA INSURANCE
b251293e-33f6-44a0-8061-1b7237b8e226,22471,VICTOR RIDGEWELL LIMITED
b5d12398-7319-479c-a716-6ad5d9b2c0b3,22087,VISION INSURANCE SERVICES LTD
52d8e96b-64bb-4ef6-a053-89369029480d,22542,VISION INSURANCE SERVICES LTD
8a7ba320-3d55-48a0-b079-ab4eba403a9d,75927,W A SMITH INSURANCE BROKERS LTD
4196e5c7-0048-49e8-afc0-f63efe03af06,92091,W E BEDFORD INSURANCE SERVICES (WIMBLEDON) LTD
e3818902-1802-4d04-a8ea-95309c9c67fb,22473,W H ADAMS & CO LTD T/A TOWN & COUNTRY INSURANCE SE
830ba1dd-9fb6-4e52-9f8f-c50094b437eb,75970,W TODD & SON
96e2b18c-4636-4ff3-a038-4b4d5144c722,75989,WALLACE INSURANCE BROKERS
211973a7-36eb-4e5a-b61d-00a634895198,76045,WALTER A WRIGHT INSURANCE BROKERS
dc3fd23f-81ed-41bb-9083-b947a2d96d62,23041,WALTONS INSURANCE BROKERS LTD
f5a59624-48dd-4aed-83a5-43817d6dd77d,22995,WATERFRONT INSURANCE BROKERS LTD
2bd9b7ea-6c42-4221-9ff9-ec85c1c3774c,22316,WATKIN DAVIES INSURANCE CONSULTANTS LTD
b10e28b6-4276-48d1-8194-4bfd79d8706d,22343,WATKIN DAVIES INSURANCE CONSULTANTS LTD
9a03169b-5fa8-4ab0-a07d-90928d7408ca,23291,WATKIN DAVIES INSURANCE CONSULTANTS LTD
83b62f58-f9a1-4679-9753-abfe62f83ed6,22249,WEB SHAW LTD T/A  JACKSONS
6e0a9580-0881-4ab6-999d-e144e1e65c3a,21955,WEIR INSURANCE BROKERS LTD
c44a9d07-64bd-4e73-a3fd-39ece036b75d,87847,WELLINGTON YOUNG INSURANCE SERVICES LTD
6bd77bdb-6e77-4a88-8b34-782d6aded51c,89485,WENTWORTH INSURANCE BROKERS LTD
e75e4a30-df12-4bec-bf9b-d9583d936fbb,23217,WEST CRAVEN INSURANCE SERVICES LTD
c22e06ff-4f0d-4834-80ce-a1b3dfb12cb2,22533,WEST NORFOLK INSURANCE SERVICES LTD
b2f51462-b76d-417c-9a18-7c667e591a56,22733,WEST PENNINE INSURANCE CONSULTANTS LTD
27b4d2f4-2b7f-46b1-9541-2ad6ce3aba82,23303,WESTERN COUNTIES INSURANCE SERVICES LIMITED
a24f3860-4a40-4e3d-afb7-989b3668c495,22393,WHITCHURCH INSURANCE SERVICES (COUNTY INS CONS LTD
80e35a0f-afd8-4685-b848-b3c5dca8728d,90134,WHITEFIELD INSURANCE SERVICES LTD
eb0ecc59-16db-4c2c-b36b-58b27012ab5b,22929,WHITEHOUSE INSURANCE - BASINGSTOKE
8ca81e19-9b67-4961-bf24-1b62a6282340,76018,WHITTLESEY INSURANCE SERVICES
f139f3a5-4ea1-4d22-98dd-b6a8fced0629,93111,WILBERFORCE & CO LTD
506c8328-e11b-4229-a5fa-92fb388afa9d,23246,WILLIAM KERR & CO (INSURANCE CONSULTANTS) LTD
b11f3f8c-627b-4ddf-90bb-d01f9bdd00ab,23063,WILLIS & COMPANY (INSURANCE BROKERS) LTD
bfd70463-6ec8-4b96-b50e-03bd5c054817,23053,WILLIS INSURANCE & RISK MANAGEMENT
be1f088b-7734-4544-abce-6ff66aa5e9b5,76035,WINDRUSH INSURANCE BROKERS
50f3a4e5-3596-467a-9063-64a8df9d7198,23343,WISE INSURANCE SERVICES LTD
abab7680-b407-4571-89f3-c58750c6945f,84371,WISEMANS INSURANCE SERVICES LTD
a088655b-7183-4bd0-aed8-c4796c8ed207,21685,WOODBURY INS BROKERS LTD
c0b6bdd3-6dae-4c0d-a4c5-21a9bd71e81e,23131,WOODLAND INSURANCE SERVICES LTD
12e925f0-12fd-45de-b46d-b37c95fa21c9,22460,WRIGHTSURE INSURANCE SERVICES (NORTH WEST) LTD
e178ccf9-aaf2-47a4-b251-06d0e4cd57a8,22332,YUTREE INSURANCE LTD